date,temperature,pH,turbidity,longitude,latitude
2014/10/1,21.35059629,7.009447296,13.46867359,,
2014/10/2,21.31531616,7.044741163,10.61808456,,
2014/10/3,21.88498417,6.972111628,40.29261173,,
2014/10/4,20.34458617,6.928979532,25.30373846,,
2014/10/5,17.9239656,6.980444749,26.56559913,,
2014/10/6,17.95055224,7.019258109,28.17201358,,
2014/10/7,18.91427221,7.031517862,28.42553626,,
2014/10/8,20.00392179,7.031792813,27.98624112,,
2014/10/9,21.0933592,7.013097289,30.54634141,,
2014/10/10,21.42138044,7.007799415,29.28753779,,
2014/10/11,21.92572751,7.001936744,23.46445825,,
2014/10/12,22.04719079,6.956408802,18.39471543,,
2014/10/13,21.85819015,6.979816194,15.00664361,,
2014/10/14,22.041646,6.860929792,74.85940913,,
2014/10/15,20.73244195,6.89692045,38.56213172,,
2014/10/16,19.62924785,6.991192151,13.85162633,,
2014/10/17,18.82941192,7.027443633,10.36534584,,
2014/10/18,19.20627376,7.054814655,8.92230331,,
2014/10/19,18.33288925,7.086462217,9.952699979,,
2014/10/20,17.73790379,7.081635654,13.07793517,,
2014/10/21,17.88196637,7.070500502,15.52863765,,
2014/10/22,17.18016161,7.06544249,21.09661896,,
2014/10/23,16.27600134,7.07848867,20.90003342,,
2014/10/24,16.2312882,7.078537646,19.58225369,,
2014/10/25,16.06948166,7.088425179,18.98956447,,
2014/10/26,16.75636967,7.084900225,18.68569001,,
2014/10/27,17.45607322,7.077078323,24.57386771,,
2014/10/28,17.99747472,7.082170872,20.19543871,,
2014/10/29,17.82198267,7.070533264,17.66744093,,
2014/10/30,16.64717653,7.079694465,20.26878841,,
2014/10/31,15.54455008,7.09905519,15.60581458,,
2014/11/1,13.50973841,7.095533392,17.80202304,,
2014/11/2,12.20211618,7.109067572,24.97486176,,
2014/11/3,11.86709457,7.129198619,30.65879615,,
2014/11/4,12.37198063,7.123491757,29.56348508,,
2014/11/5,13.18499974,7.102435069,28.70898282,,
2014/11/6,14.58432066,7.082977246,25.75995748,,
2014/11/7,13.66476231,7.100971491,34.84610522,,
2014/11/8,12.6029241,7.100912382,25.49280491,,
2014/11/9,12.61256462,7.0959375,22.46966447,,
2014/11/10,12.61176737,7.10268071,19.20812556,,
2014/11/11,12.80897213,7.113229167,17.48725516,,
2014/11/12,13.52147053,7.104227574,14.25463376,,
2014/11/13,12.76973272,7.128347953,12.9093,,
2014/11/14,10.42011938,7.166430138,10.82921367,,
2014/11/15,9.359288041,7.1804814,9.433644943,,
2014/11/16,10.02003363,7.184092937,11.85510385,,
2014/11/17,11.43369901,6.970343756,72.82927779,,
2014/11/18,9.712917202,7.060437959,24.41271538,,
2014/11/19,8.298846726,7.127893519,16.03258617,,
2014/11/20,8.674950658,7.13525885,17.95327719,,
2014/11/21,9.162961661,7.119460829,19.69300706,,
2014/11/22,9.440880133,7.134030797,20.61850727,,
2014/11/23,10.90397295,7.034893051,59.41459699,,
2014/11/24,12.53662517,6.938433544,40.83355272,,
2014/11/25,12.57990591,7.01723136,29.41504374,,
2014/11/26,11.90556715,7.049537234,29.6112064,,
2014/11/27,10.58009338,7.047152778,23.3685974,,
2014/11/28,9.136756216,7.074340278,23.68713551,,
2014/11/29,8.713654161,7.085970713,22.81409018,,
2014/11/30,9.759068847,7.073539095,17.52350938,,
2014/12/1,10.67275404,7.063516844,17.73943749,,
2014/12/2,11.52468839,7.07076073,23.61933388,,
2014/12/3,12.22616139,7.068986998,19.72910921,,
2014/12/4,12.91980637,7.06055394,20.67790559,,
2014/12/5,13.37016493,7.076657547,25.91447297,,
2014/12/6,13.65737379,7.032281836,36.02946006,,
2014/12/7,12.61615132,6.98908046,34.23088199,,
2014/12/8,11.12135756,7.06075272,36.49372098,,
2014/12/9,10.19594873,7.107205984,25.09024034,,
2014/12/10,9.453588937,7.137848609,19.02659814,,
2014/12/11,8.567964379,7.161245635,15.40768654,,
2014/12/12,8.296320513,7.176041667,15.61091824,,
2014/12/13,8.303263698,7.179095986,11.30734066,,
2014/12/14,8.425369624,7.192746521,10.24860058,,
2014/12/15,8.27684752,7.207261513,8.391828453,,
2014/12/16,10.09975348,7.178940498,12.35827834,,
2014/12/17,9.561459938,7.175655864,11.91710167,,
2014/12/18,9.19541092,7.207740975,11.35377841,,
2014/12/19,9.197037351,7.223778736,14.6671266,,
2014/12/20,9.895381944,7.223187373,21.09667915,,
2014/12/21,10.34364583,7.201934524,23.11194194,,
2014/12/22,10.18004432,7.178263613,31.43377422,,
2014/12/23,9.842909946,7.115616776,44.26850475,,
2014/12/24,11.10036962,6.952837644,80.77288063,,
2014/12/25,10.70553511,6.971589205,33.55060864,,
2014/12/26,9.635819892,6.984375,25.55211086,,
2014/12/27,9.750571237,6.995941092,25.7419223,,
2014/12/28,11.66831317,6.846803161,60.75288901,,
2014/12/29,12.60774306,6.84828869,33.61971297,,
2014/12/30,12.33756944,6.873502506,26.24367009,,
2014/12/31,10.76902778,6.90625,22.10739132,,
2015/1/1,9.816630747,6.906712963,18.85812203,,
2015/1/2,10.40168557,6.906968811,29.79621502,,
2015/1/3,11.06978775,6.831803543,38.41324822,,
2015/1/4,12.93278689,6.790853639,63.3275416,,
2015/1/5,11.3658741,6.858688648,38.16171068,,
2015/1/6,9.689397476,6.952245112,25.87074921,,
2015/1/7,8.824757552,6.997610128,25.11103703,,
2015/1/8,5.953137869,7.046619742,23.69761056,,
2015/1/9,5.571505376,7.072937084,24.25049888,,
2015/1/10,5.832395833,7.057638628,20.57904134,,
2015/1/11,6.013146552,7.070907738,14.90261256,,
2015/1/12,7.551741763,7.053395062,12.53410758,,
2015/1/13,8.550133952,7.06736688,14.2597805,,
2015/1/14,8.451605994,7.124628368,17.05255194,,
2015/1/15,7.520757713,7.127169834,20.79576957,,
2015/1/16,7.363326149,7.124107143,18.49562216,,
2015/1/17,7.201597222,7.102658046,18.64279037,,
2015/1/18,7.799548611,7.094863506,22.9629959,,
2015/1/19,7.809270833,7.085983737,27.11283333,,
2015/1/20,8.569779287,7.079743353,28.08729811,,
2015/1/21,8.961497732,7.095216038,29.42207374,,
2015/1/22,8.76956993,7.109678442,31.94120783,,
2015/1/23,9.11061828,7.073819444,58.91182451,,
2015/1/24,9.190020161,7.046527778,35.32326531,,
2015/1/25,8.604032258,7.067118056,29.64779364,,
2015/1/26,8.939140527,7.084717219,28.56926239,,
2015/1/27,7.887586809,7.11198044,24.3556648,,
2015/1/28,7.593044355,7.121111111,15.88354648,,
2015/1/29,7.74429875,7.124938231,17.87069534,,
2015/1/30,8.45168715,7.140792321,17.0424791,,
2015/1/31,7.583736559,7.155729167,17.68059089,,
2015/2/1,8.408125,7.15,20.31798725,,
2015/2/2,9.918106838,7.067604611,51.54885574,,
2015/2/3,7.749920762,7.107812275,28.66759697,,
2015/2/4,7.79211301,7.110978261,18.52756881,,
2015/2/5,8.447831931,7.139761574,19.21591026,,
2015/2/6,7.375813004,7.146037579,18.07023826,,
2015/2/7,7.624865591,7.150729167,20.72667357,,
2015/2/8,8.752455433,7.146631944,15.34201554,,
2015/2/9,10.82997312,7.127326389,27.11982546,,
2015/2/10,10.6322704,7.109455015,20.63794018,,
2015/2/11,9.688327656,7.175018148,11.07557474,,
2015/2/12,9.400755533,7.20822887,9.553905621,,
2015/2/13,7.529737903,7.234375,10.26984486,,
2015/2/14,7.580241935,7.2278125,11.34391026,,
2015/2/15,7.48583298,7.218614805,12.8755926,,
2015/2/16,6.751944444,7.1996875,26.302344,,
2015/2/17,6.76421371,7.075347222,46.92136024,,
2015/2/18,6.087321024,7.095548977,34.68857441,,
2015/2/19,4.618047277,7.136145833,30.78998562,,
2015/2/20,4.083149252,7.170104167,38.39551382,,
2015/2/21,5.314549731,7.1571875,31.81925439,,
2015/2/22,7.498487903,7.1140625,30.5501746,,
2015/2/23,8.405277778,7.069692289,38.54048377,,
2015/2/24,7.387365591,7.109930556,31.89508226,,
2015/2/25,6.438814187,7.116284722,28.01399963,,
2015/2/26,6.453346774,7.070556287,38.41925772,,
2015/2/27,6.915625,7.091235632,20.02236783,,
2015/2/28,7.518784722,7.11174569,23.3059986,,
2015/3/1,7.919895833,7.101867816,13.34135169,,
2015/3/2,9.495309481,7.084148551,14.39820989,,
2015/3/3,10.60126917,7.073823828,22.04985854,,
2015/3/4,11.84443558,7.04612069,19.22870534,,
2015/3/5,12.72703629,7.00769721,32.93581424,,
2015/3/6,10.30819444,7.017525333,24.60541849,,
2015/3/7,10.081875,7.045617816,24.50077508,,
2015/3/8,10.91461769,7.065404798,23.31597514,,
2015/3/9,12.42263712,7.113120692,19.97307417,,
2015/3/10,13.46979167,7.144308036,17.4086072,,
2015/3/11,14.63249993,7.148137004,13.30263832,,
2015/3/12,14.93999368,7.141265388,13.77933746,,
2015/3/13,13.66767504,7.14099845,13.15491531,,
2015/3/14,13.24519422,7.136242816,17.67918701,,
2015/3/15,14.95760417,7.133512931,15.27989052,,
2015/3/16,15.06871126,7.165070705,14.55108144,,
2015/3/17,15.78217796,7.207481132,21.22043014,,
2015/3/18,16.51402804,7.258170652,24.94951074,,
2015/3/19,15.37454491,7.093248577,40.9879961,,
2015/3/20,14.68489578,7.085342262,25.94555237,,
2015/3/21,16.08065476,7.13746142,28.17306094,,
2015/3/22,15.86601895,7.078433642,41.76549587,,
2015/3/23,15.69642857,7.039660494,43.21988713,,
2015/3/24,15.66099138,7.103348214,23.8557475,,
2015/3/25,16.20532884,7.118646793,17.645107,,
2015/3/26,17.03623265,7.14644055,12.73212293,,
2015/3/27,16.16365899,7.158692529,12.61002488,,
2015/3/28,13.87600694,7.177981322,9.906780602,,
2015/3/29,13.00132902,7.18049569,8.593201759,,
2015/3/30,14.07972444,7.09845546,16.96029158,,
2015/3/31,14.77890253,7.07269798,12.01949127,,
2015/4/1,16.46070009,7.062725132,36.70592753,,
2015/4/2,16.53821537,7.062053571,23.10755304,,
2015/4/3,17.45347592,6.970349702,29.09460491,,
2015/4/4,17.98789839,6.920258621,40.13853816,,
2015/4/5,16.53354167,6.98081216,34.66810885,,
2015/4/6,16.91425639,7.066169567,40.38393916,,
2015/4/7,18.53538048,6.944189184,70.30154288,,
2015/4/8,19.5629899,7.034532461,19.57587128,,
2015/4/9,20.28497068,7.080480237,14.92405755,,
2015/4/10,20.24322496,7.03453125,50.33159129,,
2015/4/11,20.09677083,6.966091954,45.72361032,,
2015/4/12,18.74524306,7.064235438,16.39399952,,
2015/4/13,19.05437891,7.091458422,20.32897492,,
2015/4/14,20.44377984,6.976250184,50.08783348,,
2015/4/15,20.52680764,6.963651628,67.05462698,,
2015/4/16,18.60231281,7.035904004,31.05336455,,
2015/4/17,17.58399447,7.031647774,38.24335716,,
2015/4/18,18.51245658,6.97303839,42.94523194,,
2015/4/19,19.04444925,6.951488066,53.56216474,,
2015/4/20,19.31411781,6.956711923,40.61704004,,
2015/4/21,18.41801588,7.00946327,28.55606862,,
2015/4/22,17.83805079,7.025644529,23.57247523,,
2015/4/23,18.01221924,7.054066681,17.39223145,,
2015/4/24,17.44488303,7.062656445,15.87655628,,
2015/4/25,18.20729151,6.965591916,51.29740244,,
2015/4/26,19.42132616,6.963747685,23.18127048,,
2015/4/27,18.73154614,7.005053419,14.90075269,,
2015/4/28,17.87951149,7.040961901,10.38663078,,
2015/4/29,17.18510128,6.990480267,32.389162,,
2015/4/30,17.06119226,6.977215711,16.57765158,,
2015/5/1,17.22557624,7.024087244,12.88895041,,
2015/5/2,17.33262332,7.029238506,11.98483511,,
2015/5/3,17.91312843,7.023060345,13.5770166,,
2015/5/4,18.47103396,7.039760161,14.74180205,,
2015/5/5,18.87597798,7.00891871,14.59584271,,
2015/5/6,19.15670195,7.026353554,14.02946466,,
2015/5/7,19.48963993,7.033113182,15.64181579,,
2015/5/8,20.18315423,7.079315186,15.91101498,,
2015/5/9,21.09464618,7.080521596,13.55406126,,
2015/5/10,21.60369402,7.076456426,11.80880398,,
2015/5/11,22.21503472,7.04772749,14.3014298,,
2015/5/12,22.36402493,7.085771301,14.60201867,,
2015/5/13,22.09844724,7.104291223,16.73454434,,
2015/5/14,21.65268225,7.120817839,18.72744868,,
2015/5/15,21.97427994,7.106481245,22.09124051,,
2015/5/16,22.04580841,7.099135101,20.98444956,,
2015/5/17,22.49046245,7.037648959,53.47850528,,
2015/5/18,22.94919549,6.862438415,87.66637731,,
2015/5/19,23.1605022,6.913244048,51.63071488,,
2015/5/20,23.42640899,6.987533578,30.09064241,,
2015/5/21,23.33029211,7.032753391,29.68818967,,
2015/5/22,21.63180194,7.064575163,19.05570033,,
2015/5/23,21.47758303,7.080881434,14.70621623,,
2015/5/24,21.67232639,7.089331897,11.74268191,,
2015/5/25,22.12348826,7.078971982,31.30280123,,
2015/5/26,22.8444144,6.928620181,76.81225923,,
2015/5/27,22.77908887,6.993514864,28.04073578,,
2015/5/28,22.74212881,6.955144965,65.67107039,,
2015/5/29,23.16788642,6.996034629,25.28770094,,
2015/5/30,23.13269203,7.071111111,14.37158194,,
2015/5/31,23.18902064,7.045840583,29.37914203,,
2015/6/1,23.28925574,7.01944067,23.90767215,,
2015/6/2,23.42794431,7.033163251,25.29787059,,
2015/6/3,23.07578912,7.027118056,27.86943269,,
2015/6/4,22.44713067,7.024968408,38.51074117,,
2015/6/5,22.7876535,7.040804426,19.23499684,,
2015/6/6,23.59816189,7.047781472,18.34948386,,
2015/6/7,24.14855511,7.058125,16.81519673,,
2015/6/8,24.53791637,7.073077533,19.79710509,,
2015/6/9,24.5655243,7.041290236,38.47729018,,
2015/6/10,23.98629185,6.991001604,30.95868827,,
2015/6/11,24.24243952,6.98566878,35.49826316,,
2015/6/12,24.35243138,6.996855994,28.7332348,,
2015/6/13,24.64399936,7.025413012,18.41271452,,
2015/6/14,25.25669037,7.051840278,17.4147724,,
2015/6/15,25.75104803,7.056006944,18.24069907,,
2015/6/16,26.12471241,7.05106331,19.19858408,,
2015/6/17,26.53372758,7.053544783,17.25189137,,
2015/6/18,26.51620035,7.036354642,30.22525663,,
2015/6/19,26.39528547,6.990579966,32.58838009,,
2015/6/20,26.36129895,6.999614198,28.28931636,,
2015/6/21,26.78888667,6.981828704,20.24199949,,
2015/6/22,27.00488782,7.02925,13.80384353,,
2015/6/23,27.04434028,7.095399274,12.71398229,,
2015/6/24,26.8466451,7.079398341,21.99277944,,
2015/6/25,26.41601063,7.031128847,18.98182735,,
2015/6/26,26.71021494,7.063328466,9.97895474,,
2015/6/27,26.2183243,7.014361214,44.29063338,,
2015/6/28,25.66145833,7.010555556,22.87511541,,
2015/6/29,24.85355221,7.061497467,10.56545044,,
2015/6/30,25.29176585,7.080943484,14.04387091,,
2015/7/1,25.11895834,7.097206257,19.32916699,,
2015/7/2,25.04455645,7.006979167,24.28213367,,
2015/7/3,25.01499957,6.990524194,44.44027133,,
2015/7/4,24.69142361,6.987916667,47.8603633,,
2015/7/5,24.88501344,7.008194444,21.51366388,,
2015/7/6,24.81442712,7.02762232,19.59948678,,
2015/7/7,25.12731412,7.048399741,20.84567932,,
2015/7/8,25.51364247,7.056909722,16.69896427,,
2015/7/9,25.87339287,7.069550423,17.07079707,,
2015/7/10,26.20135505,7.086862573,15.64763504,,
2015/7/11,26.5016392,7.085221857,15.8273819,,
2015/7/12,26.41552219,7.077899488,16.32981358,,
2015/7/13,26.69077957,6.994342593,36.30118369,,
2015/7/14,26.86188503,7.011265055,26.5872869,,
2015/7/15,26.26461701,6.896571637,60.32756042,,
2015/7/16,26.36895552,7.005951015,18.58944654,,
2015/7/17,26.63273793,7.053650135,15.92516192,,
2015/7/18,27.00288125,7.030173178,28.31360334,,
2015/7/19,26.90831103,6.949032738,26.03062466,,
2015/7/20,27.16148678,7.018319417,13.72532728,,
2015/7/21,27.17015849,7.033366096,16.80077578,,
2015/7/22,26.9956,7.01846467,13.79595461,,
2015/7/23,26.45100575,7.035987396,20.05573537,,
2015/7/24,26.83689945,7.046955526,16.40663791,,
2015/7/25,26.60941092,7.06431421,10.1158094,,
2015/7/26,26.54889338,7.09832511,11.61338466,,
2015/7/27,26.61538843,7.062871828,19.06466803,,
2015/7/28,27.04129563,7.011991228,19.66764609,,
2015/7/29,27.35391624,7.013373173,23.42387034,,
2015/7/30,27.63363752,7.011658991,24.15025906,,
2015/7/31,27.35078592,6.989308953,29.05309478,,
2015/8/1,26.73916385,6.961323925,41.08639514,,
2015/8/2,26.28377016,7.002361111,24.72324476,,
2015/8/3,26.49483007,7.011096993,23.59693128,,
2015/8/4,26.65070358,7.00446667,22.60041088,,
2015/8/5,26.74439256,7.046653249,19.48680151,,
2015/8/6,26.73719275,7.043967737,27.24795224,,
2015/8/7,26.27782258,6.939409722,36.97700735,,
2015/8/8,26.30527554,6.980138889,17.89463337,,
2015/8/9,26.52737768,7.00660628,16.47059813,,
2015/8/10,26.77677106,7.012286014,22.45397394,,
2015/8/11,26.60606466,6.929558954,38.68951935,,
2015/8/12,26.4925996,6.993089704,21.05159591,,
2015/8/13,25.77051146,6.961662007,53.34606121,,
2015/8/14,25.98419284,6.890766813,46.67159982,,
2015/8/15,25.74808468,6.979479167,22.46471622,,
2015/8/16,25.76303763,7.017430556,17.6504495,,
2015/8/17,25.73077857,7.003069296,23.43241485,,
2015/8/18,25.73740859,6.94850852,55.5656291,,
2015/8/19,26.08442219,6.885471336,64.91024933,,
2015/8/20,26.39884762,6.942743056,41.9189378,,
2015/8/21,26.44250672,7.008886731,21.72307827,,
2015/8/22,26.43692982,7.034540578,16.62750759,,
2015/8/23,25.77356123,6.955512993,54.28989332,,
2015/8/24,25.76764219,6.991747212,21.79406885,,
2015/8/25,25.27388759,7.044783991,13.58686828,,
2015/8/26,24.4197288,7.058775762,11.89081568,,
2015/8/27,24.48160151,7.061310121,14.29376056,,
2015/8/28,24.3987183,7.0622428,18.86995968,,
2015/8/29,24.40688627,7.075582437,22.71333088,,
2015/8/30,23.77338481,6.986817529,49.77826313,,
2015/8/31,23.60855132,6.979805672,33.69187574,,
2015/9/1,24.02320996,7.006398184,26.50186407,,
2015/9/2,24.57454191,7.057269408,19.85590682,,
2015/9/3,24.64583442,7.052320866,22.23407754,,
2015/9/4,24.70358013,7.060042393,20.35732257,,
2015/9/5,24.91209677,7.089439655,14.43903944,,
2015/9/6,24.74606855,7.107758621,11.73337353,,
2015/9/7,24.29005376,7.091307471,11.29906384,,
2015/9/8,24.41836347,7.068210282,12.40213408,,
2015/9/9,24.86078629,6.997604167,30.41664337,,
2015/9/10,24.99179994,6.973992803,50.04927112,,
2015/9/11,24.97230717,6.957217262,34.44071437,,
2015/9/12,24.19854167,7.031788793,17.0332385,,
2015/9/13,22.30652778,7.073239943,16.82242961,,
2015/9/14,21.31185621,7.098702689,16.0206502,,
2015/9/15,21.25129923,7.113527885,14.46754689,,
2015/9/16,21.39090701,7.132325032,13.23940155,,
2015/9/17,21.80001447,7.135754452,10.86288218,,
2015/9/18,21.94809966,7.146274982,9.123076675,,
2015/9/19,22.10239505,7.142884874,8.109602138,,
2015/9/20,22.53491263,7.136354167,7.504783661,,
2015/9/21,22.92527582,7.143326606,7.534648137,,
2015/9/22,22.55604867,7.150868829,8.619888427,,
2015/9/23,22.25347675,7.167603428,8.71341519,,
2015/9/24,21.63124985,7.149850703,12.26269802,,
2015/9/25,20.56189036,6.993067529,54.08977398,,
2015/9/26,21.09813773,6.996006944,43.20123229,,
2015/9/27,21.40384379,6.999236111,31.53820767,,
2015/9/28,21.58735215,7.030353436,28.25009675,,
2015/9/29,22.36343514,6.996204313,46.27873425,,
2015/9/30,22.94482598,6.996323465,30.45109585,,
2015/10/1,22.33336255,7.023183877,24.16392442,,
2015/10/2,21.17006944,7.035369026,25.41791359,,
2015/10/3,19.65821418,6.953340139,74.56157134,,
2015/10/4,19.8577957,6.988576389,24.82203953,,
2015/10/5,20.0928629,7.034919445,14.87934114,,
2015/10/6,20.00490135,7.074248737,10.14827213,,
2015/10/7,19.91703829,7.075483066,9.07365659,,
2015/10/8,19.94253607,7.076499866,9.52512063,,
2015/10/9,20.16834406,7.077090954,10.63392948,,
2015/10/10,20.37669976,6.961661656,46.22085809,,
2015/10/11,19.70383795,6.997256944,19.60620753,,
2015/10/12,19.24590054,7.006215278,16.68131886,,
2015/10/13,19.46303209,6.995767462,20.36357171,,
2015/10/14,18.80271267,7.020146305,14.37180855,,
2015/10/15,18.27150408,7.048288131,13.44668114,,
2015/10/16,18.19947469,7.072441602,14.35287706,,
2015/10/17,17.04603495,7.083333333,12.28277648,,
2015/10/18,15.94338038,7.105945048,11.21271553,,
2015/10/19,15.18201756,7.122387993,9.299149155,,
2015/10/20,14.54645581,7.146963902,9.342872457,,
2015/10/21,15.05631989,7.156039568,9.046191238,,
2015/10/22,16.10203472,7.152777778,10.07199138,,
2015/10/23,17.01260081,7.144288793,12.71049895,,
2015/10/24,17.45504276,7.16594494,18.15530866,,
2015/10/25,18.14275877,7.15703125,19.229899,,
2015/10/26,18.32218759,7.088488873,37.23614659,,
2015/10/27,16.75438962,7.048283505,37.67896125,,
2015/10/28,17.27465046,7.062602969,37.02550831,,
2015/10/29,17.72024248,7.024389299,29.71381964,,
2015/10/30,16.9356912,7.062917468,26.06900182,,
2015/10/31,16.37637415,7.091777047,22.95779074,,
2015/11/1,17.26026667,7.023448276,41.45129909,,
2015/11/2,18.55209101,6.886648653,94.32270495,,
2015/11/3,18.9631183,6.944793257,32.84427515,,
2015/11/4,19.07598199,6.992265892,18.66488633,,
2015/11/5,19.06949926,7.000336879,16.4848704,,
2015/11/6,19.74896464,6.994083066,32.40255203,,
2015/11/7,20.17271072,6.82932152,86.72937521,,
2015/11/8,17.84910229,6.918786915,35.53399231,,
2015/11/9,15.48334841,6.87882079,53.69059259,,
2015/11/10,16.30654621,6.926245056,29.44417108,,
2015/11/11,15.91586022,6.960104167,27.68656235,,
2015/11/12,16.44209177,6.99471009,26.465402,,
2015/11/13,15.39239672,7.020923246,21.48339756,,
2015/11/14,13.62148309,7.019183845,18.4840626,,
2015/11/15,12.76948606,7.006924531,14.90300168,,
2015/11/16,13.02780797,7.00926568,13.63033406,,
2015/11/17,14.32708404,7.040111477,14.46003692,,
2015/11/18,15.66935484,6.979238506,49.62582937,,
2015/11/19,16.54036396,6.851246711,37.03855751,,
2015/11/20,15.19072648,6.933117626,18.41210777,,
2015/11/21,14.28898981,6.974627193,15.31486149,,
2015/11/22,13.2853181,6.991076389,16.12972686,,
2015/11/23,11.43958333,6.992420977,21.57922992,,
2015/11/24,10.70930556,7.003125,25.65473144,,
2015/11/25,10.78604768,7.021694444,25.06189438,,
2015/11/26,11.76535618,7.035868056,20.75062353,,
2015/11/27,13.10131827,7.022754751,20.80200411,,
2015/11/28,13.74956317,7.021909722,18.77600812,,
2015/11/29,14.49579106,7.022403037,15.97724871,,
2015/11/30,15.48730016,7.015455044,14.48967172,,
2015/12/1,15.69240052,7.034980212,10.61011787,,
2015/12/2,15.54610215,7.024770468,13.55667265,,
2015/12/3,13.37708996,7.014322166,12.27896821,,
2015/12/4,11.53556886,7.042708897,9.946457682,,
2015/12/5,10.59987479,7.06102193,8.475337249,,
2015/12/6,10.94385859,7.076041667,7.749029082,,
2015/12/7,11.68590713,7.068696794,8.783151575,,
2015/12/8,11.49945542,7.040707472,9.16743683,,
2015/12/9,11.28199494,7.058168349,10.4508869,,
2015/12/10,12.3682768,7.087332501,12.88730448,,
2015/12/11,13.39395692,7.090796418,12.47832051,,
2015/12/12,13.92176606,7.096979167,13.41379521,,
2015/12/13,14.15388123,7.104826389,12.30247519,,
2015/12/14,15.27372958,7.067063825,20.47267102,,
2015/12/15,14.41533558,7.036739837,19.2441027,,
2015/12/16,13.74438889,7.072178615,13.61249768,,
2015/12/17,14.8814746,6.912904971,70.95391417,,
2015/12/18,13.35847385,6.983515595,21.04222551,,
2015/12/19,10.84818548,7.042451023,14.52421716,,
2015/12/20,10.1325,7.058979885,12.15152451,,
2015/12/21,11.03397989,7.09125744,17.98542407,,
2015/12/22,12.87125648,6.994506501,37.76734535,,
2015/12/23,14.45953567,6.983745664,49.01127848,,
2015/12/24,16.29992447,6.770184949,124.3098441,,
2015/12/25,16.91501182,6.771198172,67.49226174,,
2015/12/26,17.09185957,6.795472756,57.91667954,,
2015/12/27,17.3819208,6.861653593,36.60244161,,
2015/12/28,17.80122264,6.880133772,61.36731548,,
2015/12/29,17.84979347,6.784412902,64.09352046,,
2015/12/30,17.31452816,6.788181287,67.94993582,,
2015/12/31,16.92049222,6.805512888,35.0373989,,
2016/1/1,14.98175403,6.853658089,22.95996595,,
2016/1/2,13.41117098,6.907720411,17.51493962,,
2016/1/3,12.24862231,6.930833333,16.81994725,,
2016/1/4,10.9526462,6.948430821,17.70427997,,
2016/1/5,9.268416808,6.968464912,15.69680081,,
2016/1/6,8.236137875,6.975224586,17.20468903,,
2016/1/7,9.500968037,6.984697475,16.37878092,,
2016/1/8,11.17752016,6.951597222,27.60882047,,
2016/1/9,11.51045027,6.920416667,25.30076917,,
2016/1/10,10.89238195,6.895224637,36.7542587,,
2016/1/11,8.400674539,6.926578277,21.53439448,,
2016/1/12,7.800491478,6.967501908,17.9265899,,
2016/1/13,7.908701779,6.984948112,18.22079458,,
2016/1/14,7.83786367,6.985095056,16.94793442,,
2016/1/15,8.335869411,6.901822368,63.52813444,,
2016/1/16,9.914079301,6.876041667,28.03111348,,
2016/1/17,9.710752688,6.927406609,20.33219433,,
2016/1/18,8.115486111,6.936793155,18.85200833,,
2016/1/19,6.578071272,6.98125,19.13947121,,
2016/1/20,6.755798611,7.019456845,19.42807659,,
2016/1/21,7.96895462,7.005946283,24.09894089,,
2016/1/22,7.873434211,6.847306034,85.83166444,,
2016/1/23,6.946215278,6.888144234,38.23329379,,
2016/1/24,6.308020833,6.950297619,25.22727495,,
2016/1/25,7.03732069,6.970815213,22.45033895,,
2016/1/26,8.115821633,6.985935016,19.31787879,,
2016/1/27,9.471493056,6.983819444,18.00514156,,
2016/1/28,9.415231952,6.984657307,15.83866747,,
2016/1/29,8.893819492,7.012653691,17.8408409,,
2016/1/30,8.940175792,7.027881944,15.84627753,,
2016/1/31,9.80359543,7.032534722,13.73674261,,
2016/2/1,11.45756048,7.052546418,14.41748483,,
2016/2/2,12.71476688,7.044827058,13.72965915,,
2016/2/3,14.04952339,6.88796582,99.18304845,,
2016/2/4,12.6561756,6.902566964,41.21687964,,
2016/2/5,10.34604167,6.941702586,27.74058915,,
2016/2/6,9.477295322,6.977822898,23.31713746,,
2016/2/7,9.080034722,6.970545977,22.53433355,,
2016/2/8,8.968333333,6.987715517,22.5043123,,
2016/2/9,8.030086207,6.997219449,24.36905366,,
2016/2/10,6.630728244,7.015460859,21.69151113,,
2016/2/11,7.11792055,7.02853153,22.10235843,,
2016/2/12,8.248082729,7.045202067,22.00077249,,
2016/2/13,7.920104167,7.05181104,19.65002313,,
2016/2/14,7.105633041,7.059853541,18.69783378,,
2016/2/15,7.281759868,7.071692137,26.46312092,,
2016/2/16,8.473039352,6.951189815,60.14668792,,
2016/2/17,9.699806287,7.02939882,23.23078806,,
2016/2/18,9.493010753,7.039861111,20.30375868,,
2016/2/19,10.0468414,7.061631944,17.45242691,,
2016/2/20,10.85695565,7.059930556,18.36523649,,
2016/2/21,12.08951613,7.052256944,24.01845753,,
2016/2/22,13.23334814,7.04651843,37.67500458,,
2016/2/23,13.39428763,6.963504464,89.18534682,,
2016/2/24,13.43336925,6.911226852,93.18962692,,
2016/2/25,12.22541428,6.974599359,41.86645559,,
2016/2/26,11.30771741,7.028054295,27.1533014,,
2016/2/27,11.04556452,7.076527778,22.92259867,,
2016/2/28,11.41600621,7.077951389,19.69612284,,
2016/2/29,12.5219422,7.091017178,20.56420179,,
2016/3/1,13.26213968,7.100481481,27.06617864,,
2016/3/2,13.0817584,7.017375628,48.32498888,,
2016/3/3,10.7012263,7.041073099,40.88433356,,
2016/3/4,10.87118633,7.01876396,33.75778306,,
2016/3/5,11.50173285,7.067650344,20.19728752,,
2016/3/6,12.26480019,7.094867554,28.65776044,,
2016/3/7,12.55076142,7.092069015,31.87318186,,
2016/3/8,13.49037604,7.09426489,41.03546759,,
2016/3/9,14.76371608,7.097303532,39.35359753,,
2016/3/10,16.08579603,7.107785125,37.77111037,,
2016/3/11,17.19638788,7.113288946,30.72624798,,
2016/3/12,17.59763049,7.108949316,25.89332538,,
2016/3/13,18.18648977,7.130107527,25.01389398,,
2016/3/14,17.71086735,7.122669142,19.04876739,,
2016/3/15,17.98507242,7.117539305,14.81724755,,
2016/3/16,18.49117708,7.138418493,12.69829856,,
2016/3/17,17.76959912,7.118273181,11.76856297,,
2016/3/18,17.64245943,7.124551195,10.48976632,,
2016/3/19,17.91671017,7.135464912,11.83195536,,
2016/3/20,16.07738575,7.123958333,13.78559473,,
2016/3/21,13.96969601,7.145401003,15.48164866,,
2016/3/22,13.89607681,7.148543875,16.30345495,,
2016/3/23,14.69918533,7.150146802,16.71414855,,
2016/3/24,15.96290777,7.125152189,28.24613857,,
2016/3/25,17.04455645,7.063028143,32.11823661,,
2016/3/26,16.27930556,7.076221264,25.00906225,,
2016/3/27,16.57059028,7.076364943,17.61324317,,
2016/3/28,17.42983419,7.08058004,15.86813641,,
2016/3/29,16.72335562,7.087667917,12.54715477,,
2016/3/30,16.50883737,7.098958333,9.932585298,,
2016/3/31,17.29499346,7.07090494,10.87586784,,
2016/4/1,18.14435024,6.942472953,51.67226717,,
2016/4/2,17.79976478,6.9625,22.00831301,,
2016/4/3,16.48138441,7.012961957,15.60472377,,
2016/4/4,16.47497757,7.057958769,19.29750705,,
2016/4/5,16.73000707,7.090972044,23.40859226,,
2016/4/6,15.81109966,7.104984162,26.91237386,,
2016/4/7,16.37305732,6.985529341,48.48252488,,
2016/4/8,16.4021875,7.013784722,38.29183326,,
2016/4/9,15.22856183,7.043125,31.82157608,,
2016/4/10,13.91169355,7.076006944,33.06148563,,
2016/4/11,14.57418149,7.066608817,24.98887273,,
2016/4/12,16.68124682,6.974885843,39.71893005,,
2016/4/13,16.17822581,6.990659722,20.30550915,,
2016/4/14,16.44574018,7.039107834,14.29019719,,
2016/4/15,16.01085349,7.055104167,12.875359,,
2016/4/16,16.40504032,7.073125,13.68789651,,
2016/4/17,16.325,7.086805556,15.04815965,,
2016/4/18,16.72291259,7.102136579,15.42956451,,
2016/4/19,17.32962366,7.103486111,15.27480435,,
2016/4/20,18.18666454,7.111484649,16.90469449,,
2016/4/21,18.28216469,7.121982091,19.42651965,,
2016/4/22,18.69059577,7.081464842,23.1069026,,
2016/4/23,18.9483871,7.0553125,34.01729329,,
2016/4/24,19.12718122,7.056209629,19.95016528,,
2016/4/25,19.62695018,7.090650366,17.95525643,,
2016/4/26,20.2446338,7.113017327,14.70502596,,
2016/4/27,20.57888278,7.121590527,11.66022559,,
2016/4/28,21.30368451,7.136893086,10.84891445,,
2016/4/29,21.35249679,7.151018773,12.48050008,,
2016/4/30,21.50391306,7.139306287,20.94823558,,
2016/5/1,21.9221875,6.999102011,55.52843798,,
2016/5/2,22.17455562,6.993836724,35.00744498,,
2016/5/3,21.88121408,7.058708856,24.27406272,,
2016/5/4,20.66805519,7.083524359,21.56288309,,
2016/5/5,18.88650432,7.100839912,21.72147683,,
2016/5/6,17.6469942,7.131364401,27.94634466,,
2016/5/7,18.23007392,7.110208333,24.97252391,,
2016/5/8,19.68810484,7.109652778,22.60975816,,
2016/5/9,20.29427243,7.111126827,22.03355019,,
2016/5/10,20.60979756,7.102421973,21.88457234,,
2016/5/11,21.29102787,7.114320906,19.05313927,,
2016/5/12,21.88384794,7.109976226,16.47834337,,
2016/5/13,21.91750672,7.082951389,22.16322253,,
2016/5/14,21.02512061,7.103115863,11.37858017,,
2016/5/15,19.87318548,7.134479167,11.1045133,,
2016/5/16,19.34879032,7.132083333,10.47212079,,
2016/5/17,19.97475694,7.023168103,42.5428491,,
2016/5/18,20.65482067,6.973506944,21.79484676,,
2016/5/19,21.21368524,6.965621843,36.38055719,,
2016/5/20,20.1994369,6.988055556,19.80284134,,
2016/5/21,20.37553477,7.006950292,24.35317447,,
2016/5/22,20.64865591,7.0046875,21.92324151,,
2016/5/23,20.46242599,7.034210509,19.3556876,,
2016/5/24,20.74606855,7.045034722,16.19469397,,
2016/5/25,21.20080645,7.042083333,17.57635071,,
2016/5/26,21.87388087,7.045153429,16.6425136,,
2016/5/27,22.37814859,7.014375,17.2056256,,
2016/5/28,22.54368056,7.042528736,24.28494038,,
2016/5/29,22.57333333,7.060488506,17.5498781,,
2016/5/30,22.9503125,7.058225575,15.65197213,,
2016/5/31,23.21833017,7.058039413,19.12618296,,
2016/6/1,23.55656046,7.02041449,15.36534682,,
2016/6/2,23.51737418,6.941077238,37.68286792,,
2016/6/3,24.00639396,6.921200292,27.90291128,,
2016/6/4,24.19268617,6.957242169,21.97659445,,
2016/6/5,24.09665712,6.964513889,28.22303862,,
2016/6/6,23.79475806,6.964695175,29.43478478,,
2016/6/7,24.24871824,6.961341617,34.05843775,,
2016/6/8,23.70481313,6.985057794,27.19294545,,
2016/6/9,23.29058834,6.981759598,21.78030799,,
2016/6/10,23.94358199,6.986597222,17.52047529,,
2016/6/11,24.59248335,6.993057065,13.94648769,,
2016/6/12,25.48094758,7.006979167,11.75287893,,
2016/6/13,25.97472222,7.044723609,9.913291964,,
2016/6/14,25.90501801,6.977781027,53.16833726,,
2016/6/15,25.66400393,6.863802901,29.44103993,,
2016/6/16,26.0822595,6.939965215,16.3845361,,
2016/6/17,25.92119244,6.992262915,17.50077903,,
2016/6/18,24.77405914,7.026493056,19.77811577,,
2016/6/19,24.38215726,7.040659722,16.68468387,,
2016/6/20,23.96941309,7.04921314,19.96975424,,
2016/6/21,24.43028049,7.070715278,20.7409198,,
2016/6/22,25.24815008,7.102632121,18.26902144,,
2016/6/23,25.55697335,7.130074091,19.66008758,,
2016/6/24,26.18585915,7.143561769,18.81615391,,
2016/6/25,26.83145161,7.135507437,19.17740539,,
2016/6/26,26.60968724,7.113922029,19.04285895,,
2016/6/27,26.56004244,7.073493973,19.13328144,,
2016/6/28,26.42671404,7.014567445,57.44134617,,
2016/6/29,26.24711318,6.95754979,41.4472638,,
2016/6/30,26.39481289,7.019161021,26.78945652,,
2016/7/1,26.60888582,7.053753655,25.40378676,,
2016/7/2,26.48597222,7.064331897,26.16143862,,
2016/7/3,26.72791557,7.069805722,28.99246958,,
2016/7/4,27.12659722,7.043426724,25.94943708,,
2016/7/5,27.01063205,7.011575193,45.68761596,,
2016/7/6,26.44974435,6.969462757,54.95330221,,
2016/7/7,26.43834901,6.970499635,43.14872933,,
2016/7/8,27.24650197,7.027062609,24.91503831,,
2016/7/9,27.63555108,7.0675,18.98600114,,
2016/7/10,27.30803091,7.094305556,14.9765192,,
2016/7/11,27.14904809,7.123555064,17.77945453,,
2016/7/12,26.94810961,7.111149194,18.90550809,,
2016/7/13,27.19091133,7.151642079,11.91038672,,
2016/7/14,27.43475242,7.1551341,9.397921518,,
2016/7/15,27.21472222,7.16084997,9.181013129,,
2016/7/16,26.92660175,7.141300003,21.27179959,,
2016/7/17,26.74632575,7.069674202,20.15187139,,
2016/7/18,26.95177879,7.034351608,22.39210445,,
2016/7/19,27.27314283,7.026231498,25.45407693,,
2016/7/20,27.1814265,6.927044591,46.98128673,,
2016/7/21,27.11275088,6.927486702,51.92000633,,
2016/7/22,26.97785618,6.957673611,34.35508667,,
2016/7/23,27.13836343,6.99963251,29.6914204,,
2016/7/24,27.21485072,7.019489766,22.49527375,,
2016/7/25,27.48529574,7.049979478,20.72368371,,
2016/7/26,27.63752327,7.045676779,21.99557798,,
2016/7/27,27.50367344,7.078271821,14.9018771,,
2016/7/28,27.06874463,7.105002971,16.01872826,,
2016/7/29,27.08602151,7.114652778,15.57960173,,
2016/7/30,27.1080109,7.067714982,27.9663089,,
2016/7/31,26.95349943,7.034243164,28.47332545,,
2016/8/1,26.99385717,7.047138523,30.56795161,,
2016/8/2,27.1944777,6.995657139,56.88969027,,
2016/8/3,27.34730826,6.999035842,34.7829672,,
2016/8/4,27.44016125,7.037645575,33.49265743,,
2016/8/5,27.42063819,6.980592458,36.78245721,,
2016/8/6,27.45225134,7.035208333,18.63643863,,
2016/8/7,27.52140736,7.021182594,26.74169497,,
2016/8/8,27.30884864,6.912077295,57.93512992,,
2016/8/9,26.92965018,7.014030336,18.39766008,,
2016/8/10,26.82923708,7.085951672,11.9985479,,
2016/8/11,26.9221327,7.117080461,9.867528219,,
2016/8/12,27.28067484,7.124380071,9.159382367,,
2016/8/13,27.21747984,7.138577586,8.825617872,,
2016/8/14,27.33382864,7.156929041,8.919776106,,
2016/8/15,27.22494318,7.144128238,13.26853684,,
2016/8/16,26.95334287,7.104691534,17.10690378,,
2016/8/17,27.21941401,7.067614906,26.68518512,,
2016/8/18,27.06391804,7.010643087,53.01827797,,
2016/8/19,26.8597343,6.922801099,48.24057211,,
2016/8/20,26.93929746,7.017385071,32.39878641,,
2016/8/21,27.06354167,7.016782407,37.73487626,,
2016/8/22,27.00959821,6.971141975,33.47951788,,
2016/8/23,26.66882184,7.000111607,23.66710893,,
2016/8/24,26.58361075,6.934002976,62.05519329,,
2016/8/25,26.40730959,6.894917929,29.6869646,,
2016/8/26,26.5999771,6.975913507,14.86033472,,
2016/8/27,26.69770656,7.020951023,13.72232445,,
2016/8/28,26.69926075,7.047256944,12.46456994,,
2016/8/29,26.46788803,7.048189915,13.5129656,,
2016/8/30,26.09180037,7.052631579,14.99835189,,
2016/8/31,26.08146804,7.05827381,15.83608004,,
2016/9/1,26.13377125,7.062638889,20.2707869,,
2016/9/2,25.46859437,6.852148392,96.39679599,,
2016/9/3,24.42096774,6.955868056,27.63873015,,
2016/9/4,24.37165747,7.015705044,17.4739835,,
2016/9/5,24.46622984,7.041770833,13.1358039,,
2016/9/6,24.3548179,7.054057761,11.41904492,,
2016/9/7,24.48450269,7.072168561,11.57918266,,
2016/9/8,24.50510186,7.081058026,10.47266785,,
2016/9/9,24.62120247,7.089054978,8.946377646,,
2016/9/10,24.72701613,7.101944444,7.092897725,,
2016/9/11,25.24657258,7.108229167,7.574420448,,
2016/9/12,25.39634175,7.124429348,8.925854062,,
2016/9/13,25.13048941,7.134866372,10.52231462,,
2016/9/14,24.97982239,7.118925974,12.59214074,,
2016/9/15,24.71078069,7.13692102,12.32160211,,
2016/9/16,24.73005917,7.108265268,18.50943056,,
2016/9/17,24.43561828,7.109409722,21.92056408,,
2016/9/18,24.56226008,7.014244166,49.6504592,,
2016/9/19,25.13203751,6.920639294,41.47908433,,
2016/9/20,24.80759373,6.987292128,23.69284263,,
2016/9/21,24.70274931,7.017056384,17.17438862,,
2016/9/22,24.62544946,7.048118028,18.57198627,,
2016/9/23,24.5195613,7.07206114,16.60939302,,
2016/9/24,24.58675382,7.077754868,14.3638292,,
2016/9/25,24.55544182,7.082608104,12.42429003,,
2016/9/26,24.54834483,7.100150287,12.6962323,,
2016/9/27,24.49043152,7.085678549,26.504333,,
2016/9/28,24.11600155,6.984410796,39.83352312,,
2016/9/29,22.76314591,7.04166251,20.0434779,,
2016/9/30,21.47173136,7.080567037,18.83945582,,
2016/10/1,20.89479167,7.093611111,17.58802867,,
2016/10/2,20.98528226,7.108460526,16.22165334,,
2016/10/3,21.37365162,7.116509813,17.58464515,,
2016/10/4,21.85199217,7.116059645,17.6454418,,
2016/10/5,21.47097007,7.113692513,14.5564649,,
2016/10/6,21.18544689,7.129967353,10.64004356,,
2016/10/7,21.39328741,7.144787968,11.71935963,,
2016/10/8,21.7020304,7.013296914,21.22437649,,
2016/10/9,20.11066963,6.906877967,11.729071,,
2016/10/10,18.74768981,6.953125,8.381540002,,
2016/10/11,18.04481315,6.96260222,7.711695054,,
2016/10/12,17.38670156,6.979119635,8.202264933,,
2016/10/13,18.00229304,6.96823218,13.35269595,,
2016/10/14,18.46359653,6.998668581,17.39397295,,
2016/10/15,19.29112317,7.013017619,23.48582505,,
2016/10/16,19.92538194,7.027011494,32.44852095,,
2016/10/17,19.893039,7.027767169,34.73640427,,
2016/10/18,20.07537751,7.043165775,30.56882878,,
2016/10/19,20.56564659,7.050246293,23.08326995,,
2016/10/20,20.73980866,7.047554414,21.89949188,,
2016/10/21,19.99165099,7.045959631,24.78900052,,
2016/10/22,17.45277778,7.045941092,24.08298909,,
2016/10/23,16.15975694,7.060308908,15.47381382,,
2016/10/24,16.29948043,7.084927146,18.73768689,,
2016/10/25,16.61754889,7.095338583,20.29546608,,
2016/10/26,16.67755171,7.11904347,17.79700419,,
2016/10/27,17.51786579,7.11453157,18.24735724,,
2016/10/28,18.1146875,7.098670977,20.72153383,,
2016/10/29,18.13505775,7.108908046,25.20020465,,
2016/10/30,18.23875,7.102837644,19.69311972,,
2016/10/31,18.3390625,7.084590517,22.90425632,,
2016/11/1,18.53399618,7.094975367,21.29955268,,
2016/11/2,18.91930133,7.09086825,18.8970125,,
2016/11/3,19.12303079,7.101594828,16.42397591,,
2016/11/4,19.10891223,7.100850594,15.49854157,,
2016/11/5,17.620625,7.125179598,13.60295614,,
2016/11/6,16.50716667,7.143724138,10.32777971,,
2016/11/7,15.85786851,7.150186266,11.12646955,,
2016/11/8,15.22223843,7.16190613,11.48799544,,
2016/11/9,15.08737756,7.167285743,14.41136018,,
2016/11/10,14.39976254,7.16517195,18.91401379,,
2016/11/11,13.62208333,7.169468391,29.9149722,,
2016/11/12,14.02017361,7.176364943,20.91611893,,
2016/11/13,13.49774306,7.176329023,23.84985782,,
2016/11/14,12.67069979,7.169495626,33.57326076,,
2016/11/15,12.54090667,7.165538346,36.96030147,,
2016/11/16,12.89499849,7.168848388,36.57707588,,
2016/11/17,12.94224184,7.16731221,28.99598641,,
2016/11/18,13.24038194,7.160488506,23.86745257,,
2016/11/19,13.09819444,7.154561782,19.54747905,,
2016/11/20,11.2333692,7.163905993,17.1271582,,
2016/11/21,10.31483082,7.175355374,12.36086084,,
2016/11/22,10.09704861,7.191713518,11.60334752,,
2016/11/23,10.65600712,7.199579503,10.98327238,,
2016/11/24,12.43345329,7.184737416,10.82650056,,
2016/11/25,13.11328833,7.172030044,12.1476947,,
2016/11/26,12.37035183,7.18061596,16.17027598,,
2016/11/27,10.93767105,7.210380747,15.59272699,,
2016/11/28,11.76335754,7.214900816,17.33142081,,
2016/11/29,14.96673817,6.966978189,74.73091678,,
2016/11/30,16.12458984,6.93585733,50.21444659,,
2016/12/1,14.68756933,7.002191641,30.25453875,,
2016/12/2,12.51432917,7.094521816,19.47823026,,
2016/12/3,11.86403443,7.151380799,18.40162628,,
2016/12/4,11.9772342,7.134202586,24.22852294,,
2016/12/5,12.1349481,7.064183237,29.09339311,,
2016/12/6,13.19550067,7.038918242,27.68126014,,
2016/12/7,12.9953125,7.047018678,18.22277658,,
2016/12/8,11.7412571,7.07933708,15.6342245,,
2016/12/9,9.26662444,7.130785556,17.5656094,,
2016/12/10,7.919438406,7.143403298,23.07537917,,
2016/12/11,7.599489953,7.140644097,23.06798731,,
2016/12/12,9.09386331,7.13327823,29.14460547,,
2016/12/13,10.43146312,7.129673203,31.21271721,,
2016/12/14,11.14382707,7.145288887,26.54415227,,
2016/12/15,9.391274711,7.155607284,25.21229209,,
2016/12/16,7.767180728,7.189292894,30.1833902,,
2016/12/17,8.302212644,7.209561012,23.53341617,,
2016/12/18,10.61257176,7.173355655,19.15578172,,
2016/12/19,9.539883849,7.156767419,16.64678878,,
2016/12/20,9.474089153,7.178941935,12.25245453,,
2016/12/21,8.744461852,7.189308472,10.86380227,,
2016/12/22,10.04160146,7.190225694,9.07455187,,
2016/12/23,9.861597222,7.194010417,7.8662957,,
2016/12/24,10.98638889,7.234486607,8.743474137,,
2016/12/25,11.93822917,7.22124256,8.20715295,,
2016/12/26,12.72121528,7.21343006,9.053909448,,
2016/12/27,13.60588061,7.223139881,9.073418026,,
2016/12/28,13.43824933,7.238838413,11.32537738,,
2016/12/29,13.99641465,7.066741071,64.91566146,,
2016/12/30,10.8583428,7.122746599,24.78592164,,
2016/12/31,9.268497807,7.203869048,20.08949245,,
2017/1/1,10.11791667,7.199479167,25.28825309,,
2017/1/2,11.60091886,7.073636696,49.54727917,,
2017/1/3,12.8738892,6.959878355,86.40684511,,
2017/1/4,12.52606005,7.107467105,22.09415039,,
2017/1/5,10.90742542,7.160455247,16.08264739,,
2017/1/6,10.17937939,7.17376958,17.1162617,,
2017/1/7,7.742012379,7.111190102,37.40187816,,
2017/1/8,5.728819444,7.109151786,22.4544163,,
2017/1/9,5.778995635,7.132940227,21.69758904,,
2017/1/10,6.536354167,7.123549107,20.27184518,,
2017/1/11,9.118081392,7.078960577,19.58012072,,
2017/1/12,10.47535371,7.100105118,25.17950355,,
2017/1/13,11.35931289,7.098291008,23.52381014,,
2017/1/14,12.12434028,7.080840774,20.43370842,,
2017/1/15,12.41540485,7.070125697,16.39860469,,
2017/1/16,12.57263889,7.084167961,16.26102067,,
2017/1/17,13.53068713,7.10930177,11.48009885,,
2017/1/18,14.41736111,7.140141369,10.52748585,,
2017/1/19,14.37253472,7.180401469,9.197642178,,
2017/1/20,15.22811732,7.083482143,22.24969363,,
2017/1/21,15.1057911,6.95836794,68.41667536,,
2017/1/22,14.84101407,6.935666829,59.96588517,,
2017/1/23,13.75628994,6.960254123,36.44424956,,
2017/1/24,12.94923141,6.997424301,23.1370923,,
2017/1/25,12.38346528,7.0185914,15.8157836,,
2017/1/26,13.17316996,7.024263393,18.42265367,,
2017/1/27,11.05682407,7.036830357,19.55126945,,
2017/1/28,9.688472222,7.041703869,17.86681997,,
2017/1/29,9.06253592,7.048772321,16.78493943,,
2017/1/30,8.916019003,7.048052394,19.32237163,,
2017/1/31,9.445451389,7.045869253,17.40404786,,
2017/2/1,10.76997659,7.050398711,18.29066291,,
2017/2/2,11.50105842,7.056180404,18.78593024,,
2017/2/3,11.60782237,7.087680732,17.02771839,,
2017/2/4,9.572924708,7.130316092,14.52270357,,
2017/2/5,9.476770833,7.138218391,15.06142729,,
2017/2/6,10.57320647,7.128660272,17.13542921,,
2017/2/7,12.05057456,7.123783273,36.13030095,,
2017/2/8,13.45095523,7.006929803,41.60843514,,
2017/2/9,12.80111771,7.066724202,48.84034649,,
2017/2/10,10.72081031,7.118139368,32.72149059,,
2017/2/11,11.46971711,7.143676649,33.6351096,,
2017/2/12,13.91364583,7.14652428,31.73706928,,
2017/2/13,13.52998147,7.172276621,29.56602421,,
2017/2/14,12.33024425,7.203613366,21.97505828,,
2017/2/15,13.1097099,7.099648937,32.65596456,,
2017/2/16,11.77719473,7.09902735,18.5469919,,
2017/2/17,11.53401537,7.175063014,12.92471916,,
2017/2/18,12.23270833,7.19141523,10.71296534,,
2017/2/19,13.40545139,7.202414927,9.645708567,,
2017/2/20,13.57704741,7.223400298,8.219063503,,
2017/2/21,14.16239652,7.201876022,10.2336229,,
2017/2/22,15.26218723,7.209426204,12.14197988,,
2017/2/23,15.60545455,7.217855277,13.29125771,,
2017/2/24,15.98124771,7.234618365,15.39036151,,
2017/2/25,16.14637025,7.254503176,18.02344228,,
2017/2/26,13.66204937,7.258892257,17.89836411,,
2017/2/27,12.67836194,7.245170369,23.76905301,,
2017/2/28,14.13580128,7.277092153,29.6111371,,
2017/3/1,16.34747524,7.267213321,33.29406625,,
2017/3/2,15.47815811,7.135117325,38.18625381,,
2017/3/3,13.27470644,7.184624779,22.79014053,,
2017/3/4,12.48714547,7.228072066,18.15643879,,
2017/3/5,12.8523651,7.248196957,14.72322483,,
2017/3/6,14.55869491,7.285948518,12.67261873,,
2017/3/7,15.01377787,7.268216785,16.84293104,,
2017/3/8,15.71244025,7.144816727,23.14766324,,
2017/3/9,14.88410356,7.194029861,15.75225096,,
2017/3/10,15.48256701,7.166861766,29.11573158,,
2017/3/11,14.03788047,7.183617633,22.51641507,,
2017/3/12,12.40135173,7.181338177,25.57968126,,
2017/3/13,10.92033882,7.183412356,20.29096382,,
2017/3/14,10.45166258,7.205087644,27.51265658,,
2017/3/15,9.270550846,7.223966125,26.17540992,,
2017/3/16,9.182421507,7.263197928,15.63058253,,
2017/3/17,10.17831542,7.281553151,13.48980098,,
2017/3/18,12.59036356,7.245887931,14.85192339,,
2017/3/19,13.06651831,7.234871237,12.7586695,,
2017/3/20,13.20586351,7.258103575,7.989335525,,
2017/3/21,15.46869396,7.265849282,9.997888708,,
2017/3/22,16.23069263,7.182582407,18.12527678,,
2017/3/23,15.12655224,7.213282331,9.741614647,,
2017/3/24,16.14025884,7.23037236,10.94930195,,
2017/3/25,17.05458333,7.244723987,11.86075486,,
2017/3/26,17.67571053,7.122798645,29.70203851,,
2017/3/27,17.93223041,7.09498049,21.23120239,,
2017/3/28,18.81674561,7.1072966,23.84574314,,
2017/3/29,19.29848255,7.114888164,24.88837321,,
2017/3/30,19.86640079,7.149294355,26.74520753,,
2017/3/31,19.5774645,7.051313283,32.62977954,,
2017/4/1,18.96947917,7.061170977,21.39835678,,
2017/4/2,19.01100694,7.095079023,18.46257373,,
2017/4/3,18.94814809,7.048381328,43.72408768,,
2017/4/4,19.43335514,7.025851616,22.05892619,,
2017/4/5,18.89143427,6.888506846,95.47898566,,
2017/4/6,17.46284482,6.895886185,62.69265215,,
2017/4/7,16.11097222,6.993394414,28.29399562,,
2017/4/8,15.86003472,7.038541667,19.42153788,,
2017/4/9,16.12392992,7.040881262,20.06415007,,
2017/4/10,17.15075431,7.045721726,23.37756048,,
2017/4/11,18.08728448,7.038839286,23.71404575,,
2017/4/12,18.49386587,7.023258689,21.99648883,,
2017/4/13,18.9314296,7.018936012,23.54257532,,
2017/4/14,19.50341236,7.028311012,22.848156,,
2017/4/15,19.82909483,7.041644022,19.28131059,,
2017/4/16,20.13376437,7.064583333,16.04615291,,
2017/4/17,20.19329309,7.098803354,15.44020969,,
2017/4/18,20.43672207,7.016461798,44.08282359,,
2017/4/19,20.64032363,7.002365325,22.01039949,,
2017/4/20,21.22929164,7.069682114,10.3263462,,
2017/4/21,21.57878823,7.093016329,9.827079312,,
2017/4/22,21.59659722,7.127873563,11.92039706,,
2017/4/23,20.84746528,7.074520026,53.91782603,,
2017/4/24,19.2600072,7.030179746,39.51109921,,
2017/4/25,19.65142697,7.071780623,26.5208768,,
2017/4/26,20.40702805,7.070162402,24.71396558,,
2017/4/27,20.71592472,7.070340755,18.95231414,,
2017/4/28,21.66066878,7.092285107,16.35105963,,
2017/4/29,22.59715302,7.094424482,15.20149488,,
2017/4/30,22.75530193,7.11095546,15.21402124,,
2017/5/1,22.13027875,7.077867162,24.33469361,,
2017/5/2,20.74923489,7.06628165,19.83111747,,
2017/5/3,20.63332303,7.102185442,13.02558823,,
2017/5/4,20.42934557,7.078754716,31.31907059,,
2017/5/5,18.79277982,7.017688638,36.68447415,,
2017/5/6,17.91590278,7.097544643,18.51894099,,
2017/5/7,18.49822917,7.132403274,16.71947877,,
2017/5/8,18.57830166,7.140061348,14.17433056,,
2017/5/9,19.73170139,7.141882184,14.84565131,,
2017/5/10,20.88210951,7.145443434,14.48084207,,
2017/5/11,21.72318888,7.148145246,12.50267909,,
2017/5/12,21.98452266,7.163261494,12.9733534,,
2017/5/13,21.62013889,7.134482759,16.74983329,,
2017/5/14,21.52458333,7.086925287,16.08698235,,
2017/5/15,21.95975634,7.099455706,12.35441033,,
2017/5/16,22.72953487,7.118469006,11.61093716,,
2017/5/17,23.13396237,7.146533329,9.986994956,,
2017/5/18,23.78154078,7.172166894,10.30685432,,
2017/5/19,24.17965153,7.188933379,10.45698166,,
2017/5/20,24.23364583,7.170474138,23.01117658,,
2017/5/21,23.62684284,6.965139414,76.61124554,,
2017/5/22,23.30872003,6.998370765,39.92952779,,
2017/5/23,22.74328906,6.988551305,64.14292943,,
2017/5/24,22.19658151,6.999457993,39.81600003,,
2017/5/25,21.30030592,7.042794259,35.80541307,,
2017/5/26,21.11469935,7.047050044,23.04844009,,
2017/5/27,22.28860741,7.053768727,22.83785141,,
2017/5/28,22.77473456,7.017704434,39.91730297,,
2017/5/29,23.33308333,6.968504235,50.98719616,,
2017/5/30,23.34376924,6.961268175,42.050194,,
2017/5/31,23.17538194,6.993857759,46.39894023,,
2017/6/1,23.40886242,7.033441446,17.24884441,,
2017/6/2,23.79720395,7.080747126,16.77015893,,
2017/6/3,24.113125,7.094612069,15.36412777,,
2017/6/4,24.16489583,6.974712644,57.56808521,,
2017/6/5,24.31203126,6.968867665,32.73499645,,
2017/6/6,24.17541667,7.022971125,23.56603422,,
2017/6/7,23.85773638,7.095089722,18.38867368,,
2017/6/8,23.27528751,7.051803892,36.08247795,,
2017/6/9,23.21629704,7.08185013,21.34405784,,
2017/6/10,23.32308468,7.095827978,21.15979457,,
2017/6/11,23.609562,7.113229548,18.83737027,,
2017/6/12,24.3207047,7.105922641,22.56127153,,
2017/6/13,24.6677212,7.086667696,16.91904398,,
2017/6/14,25.1043405,7.103709838,19.86324637,,
2017/6/15,25.29616727,7.016956316,43.80272132,,
2017/6/16,24.957118,7.021815904,33.97230218,,
2017/6/17,25.27436156,7.099308832,26.41232995,,
2017/6/18,25.30192754,7.036682939,33.1561802,,
2017/6/19,25.4414206,7.064443295,25.23590516,,
2017/6/20,25.09457838,6.948340823,92.77964862,,
2017/6/21,24.48440425,6.896291395,59.16705286,,
2017/6/22,24.44206989,7.05233477,49.75669396,,
2017/6/23,25.28864247,6.959741315,59.53794511,,
2017/6/24,25.41491407,6.969432471,60.22673132,,
2017/6/25,24.94115167,6.977517241,59.86353206,,
2017/6/26,24.34672654,7.030070524,32.24489983,,
2017/6/27,24.46964555,7.052697676,28.4195738,,
2017/6/28,24.29750774,7.068193941,22.07157604,,
2017/6/29,24.57099165,7.034499988,53.8652931,,
2017/6/30,24.77657117,6.890408626,73.2434681,,
2017/7/1,25.13931452,6.919097222,43.43372785,,
2017/7/2,25.51797715,6.960223684,26.17121264,,
2017/7/3,25.63494659,7.001925804,17.53525524,,
2017/7/4,25.72682066,7.023971857,20.83578922,,
2017/7/5,25.99990733,7.026804825,17.06514779,,
2017/7/6,26.3711848,7.045831189,15.20668415,,
2017/7/7,26.43610635,7.051981956,29.11618449,,
2017/7/8,26.58343909,7.003235405,69.64621089,,
2017/7/9,26.56471965,7.042471264,21.2560684,,
2017/7/10,26.65447595,7.002173845,28.3141205,,
2017/7/11,26.42546073,6.997011613,41.2658634,,
2017/7/12,26.37821383,7.009816155,25.23856613,,
2017/7/13,26.7290701,7.051500604,23.5012914,,
2017/7/14,26.9789114,7.004080969,28.38099172,,
2017/7/15,26.85854274,7.004541063,39.33891273,,
2017/7/16,26.36873698,6.986050494,28.70520727,,
2017/7/17,25.95158008,6.908266204,76.79191359,,
2017/7/18,25.77622095,6.89928442,52.18745064,,
2017/7/19,26.33633215,6.977848631,23.34792158,,
2017/7/20,26.63929659,7.013090278,23.90805302,,
2017/7/21,26.97994504,7.041271561,27.95416721,,
2017/7/22,27.11570579,7.049871454,44.46920353,,
2017/7/23,27.10490591,7.002013889,37.7840579,,
2017/7/24,26.96811186,6.971072368,57.39250154,,
2017/7/25,26.67197608,6.938983833,47.00196009,,
2017/7/26,26.79596922,6.965329492,41.05455369,,
2017/7/27,26.57113151,6.97429788,48.00184875,,
2017/7/28,26.24652506,6.954840532,29.27956612,,
2017/7/29,26.63396235,7.025052266,16.9343672,,
2017/7/30,25.93239583,7.059343972,17.88692982,,
2017/7/31,25.23901897,7.091080783,15.61577217,,
2017/8/1,24.93774969,7.134345419,13.32571706,,
2017/8/2,24.81870858,7.125131944,11.84128927,,
2017/8/3,24.76248587,7.120386641,14.61359544,,
2017/8/4,25.15795947,7.098721126,13.31790029,,
2017/8/5,25.50446909,6.999261141,39.04654203,,
2017/8/6,25.45941402,7.013996416,24.21162279,,
2017/8/7,25.88518223,6.998083001,39.88511601,,
2017/8/8,25.23929207,6.937051509,59.59017357,,
2017/8/9,24.84478336,6.820617248,82.10645045,,
2017/8/10,25.02440678,6.866158075,45.21588492,,
2017/8/11,25.62908983,6.860773069,46.13212271,,
2017/8/12,26.01730511,6.938333333,29.59268723,,
2017/8/13,26.21938844,6.980902778,27.99601211,,
2017/8/14,26.37397895,6.989620855,28.22833555,,
2017/8/15,26.46535241,6.997996165,20.02246826,,
2017/8/16,26.81826504,7.00811318,20.42624017,,
2017/8/17,27.09176747,6.994955409,23.7153262,,
2017/8/18,27.05283032,6.976055921,27.62011937,,
2017/8/19,26.5547379,6.990201023,26.3977089,,
2017/8/20,26.55423387,6.97125,34.78904083,,
2017/8/21,26.58820131,6.99405802,35.69663367,,
2017/8/22,26.65652106,7.021749147,39.65326942,,
2017/8/23,26.75883218,7.030386574,31.24396709,,
2017/8/24,26.18576477,7.050280258,25.40777681,,
2017/8/25,25.77607527,7.073784722,25.03333535,,
2017/8/26,25.69086022,7.088784722,20.18442169,,
2017/8/27,25.36545699,7.095682383,17.95536177,,
2017/8/28,24.19392824,7.112569444,11.9111925,,
2017/8/29,23.80685627,7.135614657,12.33866713,,
2017/8/30,23.7875672,7.086145833,16.58570557,,
2017/8/31,23.75291659,6.971685003,44.30492515,,
2017/9/1,24.32138618,6.970315789,23.79243989,,
2017/9/2,23.75669121,6.991239623,18.34587964,,
2017/9/3,23.44124894,7.014915041,23.19051798,,
2017/9/4,23.44267473,7.027361111,19.85985776,,
2017/9/5,24.06575979,7.049730616,28.58319641,,
2017/9/6,23.64475323,6.957281974,47.92531268,,
2017/9/7,21.98102947,7.004847333,39.06635716,,
2017/9/8,21.58898429,7.046048974,34.68129819,,
2017/9/9,21.66028226,7.072222222,26.7718262,,
2017/9/10,20.75507392,7.099175926,19.25018755,,
2017/9/11,19.36374875,7.040894435,74.26988373,,
2017/9/12,19.27972222,6.773782961,53.71060801,,
2017/9/13,19.73089883,6.870852527,23.60111101,,
2017/9/14,20.69585632,6.881691253,24.87352911,,
2017/9/15,21.27091186,6.906274138,18.00108829,,
2017/9/16,21.99338038,6.937327899,22.24716413,,
2017/9/17,22.50282258,6.951315543,21.95286235,,
2017/9/18,22.63110781,6.958708014,22.36639842,,
2017/9/19,22.81171725,6.970945906,29.57068763,,
2017/9/20,23.39528686,6.989464234,29.24447158,,
2017/9/21,23.6188073,7.000720042,33.15131118,,
2017/9/22,23.81980239,6.959267163,36.32765986,,
2017/9/23,23.78073296,6.995972222,24.16647232,,
2017/9/24,23.56314108,7.031774527,21.09963342,,
2017/9/25,23.47560484,7.032770229,23.612319,,
2017/9/26,23.30818137,7.037345664,15.66009997,,
2017/9/27,23.5409878,7.046623426,14.18985993,,
2017/9/28,23.73505983,7.053069873,9.883630961,,
2017/9/29,24.03648007,7.071121266,8.398952857,,
2017/9/30,23.65446909,7.089340278,12.41811785,,
2017/10/1,21.70060484,7.099791667,16.4144624,,
2017/10/2,20.74280066,7.115602107,18.92389298,,
2017/10/3,21.04744624,7.1103125,19.71093908,,
2017/10/4,20.8989606,7.112461499,22.92019616,,
2017/10/5,20.71530808,7.108739401,33.13830674,,
2017/10/6,21.14679542,7.103402778,41.92531927,,
2017/10/7,22.34761425,7.089859438,36.66084845,,
2017/10/8,23.13197703,6.994265659,54.83034683,,
2017/10/9,23.51530957,6.918104216,40.46303626,,
2017/10/10,23.91199703,6.975065648,29.30946587,,
2017/10/11,23.94292056,7.02294464,20.57411205,,
2017/10/12,23.75007578,7.038391534,19.16120536,,
2017/10/13,23.06011425,7.056580409,19.56761849,,
2017/10/14,22.95537634,7.08135307,20.03689996,,
2017/10/15,22.6218078,7.094513889,24.6748969,,
2017/10/16,22.06950663,7.074681149,33.50941528,,
2017/10/17,19.42846847,7.11873767,36.95837249,,
2017/10/18,18.009132,7.135567712,28.40861428,,
2017/10/19,17.52376283,7.138736038,28.89467562,,
2017/10/20,17.45666333,7.125793902,28.61838146,,
2017/10/21,17.67583859,7.144482186,29.03406996,,
2017/10/22,18.59879032,7.145596188,25.98714351,,
2017/10/23,20.08763295,6.976834271,93.03039025,,
2017/10/24,18.76007294,6.973934927,38.38852548,,
2017/10/25,16.7864706,7.069468975,18.32455044,,
2017/10/26,15.65936661,7.126351777,15.74914292,,
2017/10/27,15.97501662,7.159258196,12.27493666,,
2017/10/28,16.64247458,7.149433411,24.00379638,,
2017/10/29,14.55793011,7.062829682,29.89201809,,
2017/10/30,12.87300566,7.139055496,19.98863965,,
2017/10/31,13.72389751,7.170002948,20.96953521,,
2017/11/1,14.48523092,7.178614806,22.48960402,,
2017/11/2,15.87360379,7.181101438,29.33958071,,
2017/11/3,16.68467742,7.152380737,34.30838342,,
2017/11/4,17.61011425,7.147222222,53.43117474,,
2017/11/5,18.68553047,7.034252778,69.33607775,,
2017/11/6,18.67105837,7.067860953,40.42079341,,
2017/11/7,19.1395925,7.075736284,33.42569551,,
2017/11/8,18.75071954,7.087059925,31.50839922,,
2017/11/9,16.61381041,7.07958239,30.66831359,,
2017/11/10,15.2358871,7.079809191,25.24207119,,
2017/11/11,14.1285268,7.126616379,20.5584595,,
2017/11/12,13.50954749,7.133942807,24.98458494,,
2017/11/13,13.86028339,7.156281067,19.05215116,,
2017/11/14,13.41010937,7.180126748,21.68284759,,
2017/11/15,12.69274194,7.185069444,22.2342925,,
2017/11/16,13.17759373,7.179697368,24.65066811,,
2017/11/17,12.59035866,7.168572687,25.4996757,,
2017/11/18,12.95759409,7.178923611,27.16038395,,
2017/11/19,13.51172715,7.099373371,31.8570939,,
2017/11/20,11.62117855,7.104012061,24.46172516,,
2017/11/21,11.94737611,7.140072718,17.69939398,,
2017/11/22,12.86066261,7.15328753,11.85218811,,
2017/11/23,12.08934812,7.177534722,12.06936681,,
2017/11/24,11.62207661,7.199131944,11.566347,,
2017/11/25,11.60658602,7.216623538,10.50228364,,
2017/11/26,11.56770833,7.218923611,9.094572238,,
2017/11/27,10.82612233,7.220382048,12.01475155,,
2017/11/28,10.63836941,7.226895468,13.58544506,,
2017/11/29,11.68210251,7.224603201,14.48811489,,
2017/11/30,13.14288857,7.223796366,24.98655153,,
2017/12/1,13.79942876,7.216006944,28.65113133,,
2017/12/2,13.67413949,7.214666365,36.38625631,,
2017/12/3,13.89905914,7.214722222,41.91309033,,
2017/12/4,13.32189204,7.213274322,45.58563621,,
2017/12/5,14.27942962,7.198888351,41.75918602,,
2017/12/6,13.45772014,7.127576049,38.81469251,,
2017/12/7,11.74509409,7.153020833,29.74181785,,
2017/12/8,9.894163453,7.154739607,30.82894303,,
2017/12/9,8.239584614,7.133098101,30.53088659,,
2017/12/10,7.673765486,7.139583333,22.66521173,,
2017/12/11,7.738478047,7.164419192,14.7431025,,
2017/12/12,8.207392473,7.187951389,13.72981107,,
2017/12/13,7.367456541,7.207512589,16.66517655,,
2017/12/14,7.461079867,7.208553363,13.74027378,,
2017/12/15,7.864399642,7.217616023,13.84612865,,
2017/12/16,7.133938172,7.228923611,21.117958,,
2017/12/17,7.362587719,7.224131944,21.61652646,,
2017/12/18,9.268657623,7.214785214,17.31637771,,
2017/12/19,10.42654801,7.20089515,14.34651686,,
2017/12/20,12.78484179,7.069134938,69.97835202,,
2017/12/21,13.13386061,7.067975152,35.27256883,,
2017/12/22,12.80776952,7.141591374,19.85941611,,
2017/12/23,13.54788306,7.171573099,15.51306002,,
2017/12/24,12.93108199,7.156875,13.52560542,,
2017/12/25,10.42785618,7.174925439,11.10890944,,
2017/12/26,8.987434918,7.227187865,7.68336433,,
2017/12/27,8.988407258,7.226041667,8.756620812,,
2017/12/28,8.577673993,7.241454949,9.9070284,,
2017/12/29,8.442473118,7.227569444,12.03597784,,
2017/12/30,7.830544355,7.228333333,19.0343949,,
2017/12/31,7.226646505,7.230208333,19.63410892,,
2018/1/1,5.472177419,7.255300198,24.49245301,,
2018/1/2,3.772541323,7.275718085,32.11533565,,
2018/1/3,3.828998656,7.274479167,32.12110233,,
2018/1/4,3.093681257,7.268874354,23.62200408,,
2018/1/5,2.464864907,7.26217288,19.92038543,,
2018/1/6,2.642137097,7.274826389,22.45841049,,
2018/1/7,2.633770161,7.284166667,16.84567361,,
2018/1/8,3.54671819,7.274773284,13.83044928,,
2018/1/9,5.501642056,7.257802505,13.39779179,,
2018/1/10,7.763096557,7.249481297,12.41029979,,
2018/1/11,9.721560765,7.251523962,13.260769,,
2018/1/12,10.85732527,7.164717693,39.06115585,,
2018/1/13,8.071610348,7.141253157,22.77587791,,
2018/1/14,5.755775797,7.19790095,14.75574088,,
2018/1/15,5.641875,7.226458333,14.458106,,
2018/1/16,5.87327509,7.230833333,12.08514833,,
2018/1/17,4.643098284,7.245957237,14.02760667,,
2018/1/18,3.452334111,7.260868056,12.87649649,,
2018/1/19,4.092820812,7.260755685,14.15845607,,
2018/1/20,5.112163978,7.252326389,16.26302633,,
2018/1/21,6.665162351,7.248402778,15.22989148,,
2018/1/22,8.054905914,7.2440625,31.11585678,,
2018/1/23,10.12583667,7.14198756,48.11550655,,
2018/1/24,8.532295268,7.184607583,14.47048088,,
2018/1/25,7.751287516,7.225706506,10.62363665,,
2018/1/26,7.66002774,7.251979167,10.43234634,,
2018/1/27,9.020665323,7.256458333,12.49383354,,
2018/1/28,10.5952621,7.14993019,52.57226439,,
2018/1/29,11.05641377,7.124910453,33.67397906,,
2018/1/30,9.095697864,7.196724781,28.64570744,,
2018/1/31,7.979032258,7.242951389,30.29249758,,
2018/2/1,8.890306289,7.257876472,25.57947284,,
2018/2/2,9.227058898,7.249106297,24.02321677,,
2018/2/3,7.904872312,7.253611111,21.70570116,,
2018/2/4,7.616901882,7.078715278,72.6882858,,
2018/2/5,8.416211519,7.080513095,30.51288709,,
2018/2/6,9.080095147,7.134348684,18.91144171,,
2018/2/7,11.34363863,7.039620614,57.53033253,,
2018/2/8,10.84997619,7.039788719,27.72428094,,
2018/2/9,10.38262769,7.114201389,17.6031652,,
2018/2/10,11.74831267,7.04713823,68.61866394,,
2018/2/11,13.62871528,7.01246408,55.41916805,,
2018/2/12,14.09909717,7.0209984,40.50133472,,
2018/2/13,13.23933609,7.07424599,18.39852415,,
2018/2/14,12.94022147,7.111956154,18.21720607,,
2018/2/15,14.07401316,7.122658164,17.28915317,,
2018/2/16,15.51668294,7.143229167,19.60533185,,
2018/2/17,15.38269489,7.1684375,21.33042821,,
2018/2/18,15.57403197,7.17638231,19.55930025,,
2018/2/19,15.97446237,7.171599781,18.6153947,,
2018/2/20,16.54575441,7.17598672,18.14411127,,
2018/2/21,17.41795573,7.167212805,18.62469635,,
2018/2/22,17.79677853,7.174701389,14.12586465,,
2018/2/23,17.80712089,7.209998366,14.51843453,,
2018/2/24,18.20705645,7.223923611,12.79077884,,
2018/2/25,17.89240591,7.133472222,45.68047369,,
2018/2/26,16.9756842,7.089005055,39.83038989,,
2018/2/27,15.76001344,7.149590721,29.5330713,,
2018/2/28,15.24891563,7.13941913,29.96740543,,
2018/3/1,15.8424686,7.108019324,36.0091456,,
2018/3/2,14.99717742,7.101979167,35.70996908,,
2018/3/3,13.66075764,7.15444152,29.65094452,,
2018/3/4,13.32609095,7.184106692,31.22716238,,
2018/3/5,13.13650675,7.191428421,28.70273529,,
2018/3/6,13.74269621,7.109032003,61.81035205,,
2018/3/7,12.84957289,7.080943107,39.4015161,,
2018/3/8,11.45247975,7.16757524,18.14615555,,
2018/3/9,11.01579039,7.205419944,11.39304654,,
2018/3/10,11.75238731,7.218007436,10.09187219,,
2018/3/11,13.00049963,7.12281398,37.31204417,,
2018/3/12,12.47569153,7.106244824,27.31144707,,
2018/3/13,11.40409319,7.17108724,11.67651381,,
2018/3/14,11.1245386,7.205662365,10.712737,,
2018/3/15,11.13625518,7.232019857,14.43100643,,
2018/3/16,12.26195023,7.234510939,15.5266146,,
2018/3/17,13.85770739,7.24598806,20.17018102,,
2018/3/18,15.19933082,7.225461172,24.16588656,,
2018/3/19,15.40672068,7.186584317,31.38260606,,
2018/3/20,15.67270304,7.003617339,133.6072117,,
2018/3/21,13.50182593,7.09739155,28.98323608,,
2018/3/22,12.25095649,7.187160411,24.82272597,,
2018/3/23,12.62642152,7.201730072,19.26461233,,
2018/3/24,13.94905914,7.205220654,16.16541482,,
2018/3/25,13.28277694,7.088091916,47.41464925,,
2018/3/26,12.09594165,7.111554309,22.06824023,,
2018/3/27,12.10782036,7.162631616,19.74443392,,
2018/3/28,13.89500048,7.186703307,19.13388389,,
2018/3/29,15.73341408,7.182002688,42.28795771,,
2018/3/30,16.42043011,7.018958333,60.29841187,,
2018/3/31,15.31392933,7.109377193,33.14496819,,
2018/4/1,15.57899866,7.160034722,36.29654139,,
2018/4/2,16.70604504,7.183711614,29.81917637,,
2018/4/3,17.40388069,7.194924645,29.93881357,,
2018/4/4,17.45632923,7.162672149,24.86011792,,
2018/4/5,15.55233445,7.151310934,14.49517863,,
2018/4/6,15.85771114,7.180236111,12.17972412,,
2018/4/7,16.2438172,7.177118056,12.62820565,,
2018/4/8,14.41609543,7.192569444,12.87054677,,
2018/4/9,14.28918011,7.206554825,11.74546905,,
2018/4/10,15.10934104,7.22722405,10.6851125,,
2018/4/11,15.28297553,7.242657967,11.1316589,,
2018/4/12,15.89177071,7.231714776,14.44211585,,
2018/4/13,16.84216964,7.232675439,16.3875807,,
2018/4/14,18.21596102,7.232858423,21.95612676,,
2018/4/15,17.94657258,7.0915625,51.98078928,,
2018/4/16,15.05763202,7.082339687,38.40579627,,
2018/4/17,14.67397736,7.16653489,35.06674329,,
2018/4/18,16.60400234,7.183342154,35.99218098,,
2018/4/19,17.62319539,7.21,32.90065155,,
2018/4/20,16.20177964,7.242676704,32.36075784,,
2018/4/21,16.00322581,7.251909722,26.5409475,,
2018/4/22,16.40218414,7.191076389,29.15190824,,
2018/4/23,16.6571483,7.002923611,107.9264,,
2018/4/24,17.275873,6.962694182,97.16350471,,
2018/4/25,17.19691489,7.083889856,41.44817279,,
2018/4/26,16.65336314,7.105956058,42.02107473,,
2018/4/27,17.24897148,7.079941807,38.6923721,,
2018/4/28,17.71829973,7.126661184,40.57743168,,
2018/4/29,17.77380102,7.155241425,43.1485533,,
2018/4/30,17.26389347,7.159817884,49.87880215,,
2018/5/1,17.72289331,7.169809941,40.09519753,,
2018/5/2,18.7506898,7.17598336,41.0487661,,
2018/5/3,19.36876804,7.18111715,40.18475738,,
2018/5/4,19.68041424,7.183557343,38.85082656,,
2018/5/5,19.97395833,7.175862939,36.67104049,,
2018/5/6,20.20020161,7.191874635,37.1949119,,
2018/5/7,20.31837616,7.193487873,38.88061891,,
2018/5/8,20.31910075,7.188355181,44.59753545,,
2018/5/9,20.66115591,7.128472222,46.37678233,,
2018/5/10,21.09265472,7.157375957,36.29202351,,
2018/5/11,21.45019206,7.143642139,36.29363591,,
2018/5/12,22.30171371,7.152058114,42.64237159,,
2018/5/13,22.63981855,7.154930556,49.5909727,,
2018/5/14,22.89508342,7.161191899,39.60020796,,
2018/5/15,22.80600112,7.153411172,43.01442726,,
2018/5/16,22.59114924,6.975445323,93.17181723,,
2018/5/17,22.62186784,7.032876541,53.03224796,,
2018/5/18,22.74500971,7.078732523,44.64871516,,
2018/5/19,23.16441297,7.115486524,39.32782551,,
2018/5/20,23.31129032,7.092137061,61.25984541,,
2018/5/21,23.01468842,7.040643513,47.99833421,,
2018/5/22,22.98448288,7.099060916,49.52875554,,
2018/5/23,22.93198015,7.01589503,69.8442362,,
2018/5/24,23.31015245,7.040451678,39.71995086,,
2018/5/25,23.31158817,7.007490099,44.27767383,,
2018/5/26,23.43740706,7.04400266,26.226963,,
2018/5/27,23.12163978,7.050052632,26.24986604,,
2018/5/28,22.8747357,7.063220186,49.74468881,,
2018/5/29,23.16807289,6.919063908,69.04065706,,
2018/5/30,23.38323043,6.940926411,51.19642988,,
2018/5/31,23.6401274,6.962264321,25.30039977,,
2018/6/1,23.4831785,6.955097041,48.58913172,,
2018/6/2,23.56281849,6.907524155,32.57535204,,
2018/6/3,24.24032422,6.964335196,14.82146452,,
2018/6/4,23.97007433,6.996486576,12.30086843,,
2018/6/5,22.74958641,7.025925306,11.99775654,,
2018/6/6,22.73889911,7.03303063,11.23247025,,
2018/6/7,23.32753437,7.043449106,9.252425132,,
2018/6/8,23.52109611,7.030088077,20.11937294,,
2018/6/9,23.66481855,6.987118056,18.65164056,,
2018/6/10,23.87707332,6.996769356,22.17877236,,
2018/6/11,23.87257222,6.975376186,57.72523105,,
2018/6/12,23.69087338,6.893892499,38.84395687,,
2018/6/13,23.82759211,6.962988537,23.50573303,,
2018/6/14,24.06934477,6.907888049,46.5145093,,
2018/6/15,24.38506331,6.930247442,22.18255828,,
2018/6/16,25.03093318,6.936770833,25.20074883,,
2018/6/17,24.97931063,6.960100146,27.57895643,,
2018/6/18,24.91650871,6.978123106,20.24203769,,
2018/6/19,25.40083192,6.96870442,18.30710984,,
2018/6/20,25.7095401,6.992703817,12.71207795,,
2018/6/21,25.40518353,7.017164409,13.78681241,,
2018/6/22,25.24670455,6.974973877,47.15215731,,
2018/6/23,25.13977671,6.874152851,60.54391873,,
2018/6/24,25.40543981,6.987590996,15.80103975,,
2018/6/25,25.87552492,6.983265965,46.37868934,,
2018/6/26,25.75183041,6.937725676,33.24054909,,
2018/6/27,25.87899695,6.959647127,44.86282393,,
2018/6/28,24.87561508,6.950492435,48.21328546,,
2018/6/29,24.78124121,6.995246943,26.94909673,,
2018/6/30,25.67113927,7.012343694,25.68139202,,
2018/7/1,25.87121707,7.055611746,18.49046498,,
2018/7/2,26.06846474,7.030345904,23.10843136,,
2018/7/3,26.45068334,7.056776763,13.05462396,,
2018/7/4,26.48877116,7.098071809,12.62367978,,
2018/7/5,26.41834529,7.069017352,15.5124904,,
2018/7/6,26.40293928,7.042025095,45.17185927,,
2018/7/7,26.05541009,6.973992283,39.77143407,,
2018/7/8,25.88067851,7.060220287,19.91309777,,
2018/7/9,25.64204988,7.075202012,20.70075135,,
2018/7/10,25.98041941,7.075973265,21.83353172,,
2018/7/11,26.28792194,7.09604627,27.22018759,,
2018/7/12,26.60635081,7.060208333,30.54652093,,
2018/7/13,26.66787634,7.062326389,33.97560994,,
2018/7/14,26.63872693,7.01788657,53.78549105,,
2018/7/15,26.63395161,7.031869631,48.17213255,,
2018/7/16,26.63637962,6.973592134,72.21714708,,
2018/7/17,26.65926237,6.960977017,56.95858923,,
2018/7/18,26.77158899,7.029776423,34.68245808,,
2018/7/19,26.6568915,7.036082702,35.25175636,,
2018/7/20,26.23998656,7.070902778,29.30491726,,
2018/7/21,25.37685024,6.895555556,101.837055,,
2018/7/22,25.65651882,6.909511649,55.28333497,,
2018/7/23,25.27980511,6.980621345,36.69229926,,
2018/7/24,25.29086325,6.93014569,52.48176563,,
2018/7/25,25.46663592,6.986251376,28.80681451,,
2018/7/26,25.58062445,7.009671657,28.3097159,,
2018/7/27,25.38874643,7.032487441,29.64087267,,
2018/7/28,25.66300403,7.027430556,31.83042971,,
2018/7/29,25.25903898,7.048713816,29.6676097,,
2018/7/30,25.42440447,7.085296089,30.4124716,,
2018/7/31,25.3157686,6.994922149,64.60870379,,
2018/8/1,24.81308863,6.868666772,82.85885391,,
2018/8/2,24.71187449,6.830591149,99.51740901,,
2018/8/3,24.82323288,6.842041223,68.74570379,,
2018/8/4,24.96313844,6.923429133,37.64083412,,
2018/8/5,25.43927799,6.960732387,35.15655986,,
2018/8/6,26.05047268,6.985856639,28.02750279,,
2018/8/7,25.96449808,7.00070826,35.83558206,,
2018/8/8,25.87689165,6.985530872,33.92469341,,
2018/8/9,25.72426042,6.975706248,51.65367374,,
2018/8/10,25.50846774,6.930590278,54.6323936,,
2018/8/11,25.76895161,6.976268469,38.83269598,,
2018/8/12,25.67701613,6.991993942,40.77169563,,
2018/8/13,25.65180003,7.013623462,47.38408837,,
2018/8/14,25.19538571,7.041523163,46.33660491,,
2018/8/15,25.16628838,7.05192021,46.32453659,,
2018/8/16,25.30499956,7.068090727,30.75507483,,
2018/8/17,25.42269946,7.041461431,37.18396601,,
2018/8/18,25.41461694,6.976815546,48.19662731,,
2018/8/19,25.46176075,6.958993056,40.71801262,,
2018/8/20,25.12735339,7.023107149,22.04579891,,
2018/8/21,25.30597069,6.984698672,30.61008646,,
2018/8/22,25.17685714,6.942518594,42.19426644,,
2018/8/23,24.53756339,7.018813975,18.05962223,,
2018/8/24,23.89383277,7.0675,13.26462895,,
2018/8/25,23.70181452,7.069581824,16.94420148,,
2018/8/26,24.08424059,7.0578125,15.96166832,,
2018/8/27,24.60480108,7.048539696,18.71403513,,
2018/8/28,24.88853537,7.058189716,21.42279513,,
2018/8/29,25.11343063,7.066065821,22.73811116,,
2018/8/30,25.11255061,7.131833411,26.14785639,,
2018/8/31,25.34914651,7.11684335,22.88904811,,
2018/9/1,25.49109543,7.121458333,21.59677469,,
2018/9/2,25.63634833,7.125694444,23.68970431,,
2018/9/3,25.59956317,7.117569444,17.77534474,,
2018/9/4,25.47349038,7.114023749,17.57084663,,
2018/9/5,25.64017361,7.12091557,29.09101452,,
2018/9/6,25.68374411,7.099992801,24.46722206,,
2018/9/7,25.53760417,7.081732417,28.02411184,,
2018/9/8,25.73057367,7.057894985,30.17433159,,
2018/9/9,25.69652778,7.036215278,43.16339058,,
2018/9/10,25.75646808,6.975488796,43.10011016,,
2018/9/11,25.85784896,6.980530269,41.76639723,,
2018/9/12,25.89064445,6.975717836,32.60277236,,
2018/9/13,25.97818291,7.022787281,25.68547234,,
2018/9/14,26.23341455,7.037405323,19.84873141,,
2018/9/15,25.9171233,7.070116244,13.73249781,,
2018/9/16,25.3188172,7.118541667,9.328694081,,
2018/9/17,25.03404628,7.123547705,9.476680767,,
2018/9/18,25.26576401,7.112889985,9.626557406,,
2018/9/19,25.23330922,7.117642759,13.58844043,,
2018/9/20,25.17256676,7.110561437,11.26011944,,
2018/9/21,24.93466054,7.11717733,13.24861765,,
2018/9/22,24.8047043,7.109315025,19.53523011,,
2018/9/23,24.51438318,7.109120995,22.78524584,,
2018/9/24,24.53965054,7.106909722,22.80108304,,
2018/9/25,24.90040076,7.099078496,24.85599699,,
2018/9/26,25.0436262,7.037101243,51.13499383,,
2018/9/27,25.04954691,6.905213934,72.58282361,,
2018/9/28,24.93569433,6.963902992,43.10707141,,
2018/9/29,24.97532541,6.996626096,38.55789534,,
2018/9/30,24.77792047,7.037268605,24.2240174,,
2018/10/1,24.52513169,7.075089107,21.94654791,,
2018/10/2,23.85732744,7.095306756,19.52180817,,
2018/10/3,23.79117279,7.109745703,22.55100185,,
2018/10/4,23.87967955,7.105531637,20.55443601,,
2018/10/5,24.08154481,7.110538012,19.60859556,,
2018/10/6,24.32301747,7.120520833,24.64539141,,
2018/10/7,24.35366263,7.130451389,29.84714078,,
2018/10/8,24.21563084,7.13388285,30.81246575,,
2018/10/9,24.02435926,7.125320762,35.41444122,,
2018/10/10,24.13988022,7.087464379,59.39712038,,
2018/10/11,24.12202206,6.846726561,123.8225711,,
2018/10/12,21.81949227,7.000676197,38.03829817,,
2018/10/13,20.57064973,7.076532441,23.54200544,,
2018/10/14,20.53338874,7.109741074,26.98955963,,
2018/10/15,21.25587445,7.117575572,14.56091119,,
2018/10/16,22.02225614,7.125032952,11.41515408,,
2018/10/17,21.90631739,7.156674727,11.18502152,,
2018/10/18,20.48694734,7.177711004,9.872644562,,
2018/10/19,19.41767345,7.194261052,14.01484199,,
2018/10/20,19.71541775,7.185261264,15.92399769,,
2018/10/21,17.91981618,7.201016325,19.04739121,,
2018/10/22,16.24925864,7.225310419,21.70178266,,
2018/10/23,16.39037298,7.236900831,25.48385882,,
2018/10/24,16.18752071,7.220098987,27.14018116,,
2018/10/25,16.1174194,7.221503683,31.15346846,,
2018/10/26,15.49564589,7.1159375,55.63536909,,
2018/10/27,15.56974279,7.094305556,43.11186593,,
2018/10/28,15.42246692,7.145634579,31.94157902,,
2018/10/29,15.86609572,7.179080464,26.71767955,,
2018/10/30,15.1457606,7.206943139,21.0582837,,
2018/10/31,15.61633809,7.215890351,18.0348275,,
2018/11/1,16.78583,7.189548804,28.940564,,
2018/11/2,17.33308445,7.124513889,34.7093237,,
2018/11/3,15.12667361,7.158250912,30.90704719,,
2018/11/4,14.64662168,7.200566667,34.6845464,,
2018/11/5,15.90413883,7.16795498,34.31061755,,
2018/11/6,17.33511697,7.149444444,47.07322419,,
2018/11/7,17.03028308,7.098773078,49.60768241,,
2018/11/8,17.49397319,7.074216609,56.87048577,,
2018/11/9,16.85615102,7.075243056,86.98705803,,
2018/11/10,14.85642151,7.082647358,41.67866829,,
2018/11/11,13.22234435,7.140785985,30.53599954,,
2018/11/12,12.65558698,7.050549073,76.42591499,,
2018/11/13,13.18915099,6.964300136,50.57124086,,
2018/11/14,13.2536787,7.031654717,31.81469763,,
2018/11/15,11.96769549,6.982389116,55.14857667,,
2018/11/16,11.3117205,7.063572907,25.19380254,,
2018/11/17,11.60531543,7.093049153,21.2760446,,
2018/11/18,11.97908594,7.113373528,20.12649442,,
2018/11/19,12.35853469,7.118985719,22.70489424,,
2018/11/20,13.11674288,7.115978871,23.04826281,,
2018/11/21,11.60656889,7.116798309,23.39861462,,
2018/11/22,10.92258669,7.118951389,25.21835039,,
2018/11/23,10.69634026,7.134478968,31.43807069,,
2018/11/24,10.48215774,7.064097222,42.38849081,,
2018/11/25,11.44168582,7.012113266,31.88862693,,
2018/11/26,11.75864732,7.040243056,30.73594782,,
2018/11/27,9.66433342,7.065450397,29.4928249,,
2018/11/28,8.003792269,7.09931395,23.87437913,,
2018/11/29,7.999625637,7.091683321,19.58476539,,
2018/11/30,10.17064434,7.079236111,19.94684524,,
2018/12/1,11.5368574,6.951240593,64.12333649,,
2018/12/2,12.84690698,6.895328898,52.83444127,,
2018/12/3,12.71624058,6.947140882,35.77359238,,
2018/12/4,11.44011969,6.970834779,30.89793823,,
2018/12/5,9.580364615,6.999930556,36.49980669,,
2018/12/6,8.384774959,7.010321083,29.54403238,,
2018/12/7,8.793264718,7.011429459,29.99220679,,
2018/12/8,9.197485662,6.972916667,42.73047699,,
2018/12/9,8.015997383,6.828412356,72.4582117,,
2018/12/10,8.771532777,6.906495208,37.90501168,,
2018/12/11,8.854256565,6.925625,22.55242446,,
2018/12/12,8.101471619,6.949358796,18.03436442,,
2018/12/13,8.458300941,6.986460648,24.50377957,,
2018/12/14,9.605464504,6.995803484,38.14448104,,
2018/12/15,10.36699028,6.896093622,53.59153477,,
2018/12/16,10.80615785,6.939876894,30.92793753,,
2018/12/17,10.74025997,6.968397742,24.13368396,,
2018/12/18,9.994804568,6.997110371,21.03613109,,
2018/12/19,10.04096288,7.01490776,19.47381161,,
2018/12/20,10.52063214,6.935057425,46.82825415,,
2018/12/21,10.73341504,6.871340885,57.73975663,,
2018/12/22,9.917506685,6.928248526,39.24009191,,
2018/12/23,9.414526405,6.957375229,35.39942318,,
2018/12/24,9.611842335,6.983968546,31.41674037,,
2018/12/25,8.961765042,6.988194444,27.45669025,,
2018/12/26,9.480943575,7.003451389,26.01246089,,
2018/12/27,10.11404794,7.01179191,27.82993527,,
2018/12/28,11.21784767,6.725682471,133.2253431,,
2018/12/29,11.99195042,6.700527263,125.3623012,,
2018/12/30,12.31245953,6.739915123,83.1856631,,
2018/12/31,13.13986474,6.799210516,38.63347415,,
2019/1/1,14.45747812,6.807956731,43.62756192,,
2019/1/2,14.02123815,6.833934295,34.3155813,,
2019/1/3,13.42090027,6.810705128,43.1985307,,
2019/1/4,13.57788764,6.764056457,68.31199746,,
2019/1/5,12.61764526,6.805933712,39.84167511,,
2019/1/6,12.02114163,6.85994697,32.77964618,,
2019/1/7,12.00607935,6.878166667,30.95215438,,
2019/1/8,12.54672646,6.91484375,26.15224354,,
2019/1/9,11.594888,6.942476223,27.77338045,,
2019/1/10,9.346413896,6.981040753,23.51621531,,
2019/1/11,8.532021654,6.992534722,23.87738634,,
2019/1/12,8.747958165,7.001263185,25.72799766,,
2019/1/13,8.632023209,6.913976205,37.51986305,,
2019/1/14,9.453357814,6.930402338,21.85483652,,
2019/1/15,9.006591516,6.985493827,20.785456,,
2019/1/16,8.356644481,6.999228395,20.42456211,,
2019/1/17,8.438571326,6.998572531,25.34526042,,
2019/1/18,9.896647805,6.987692901,31.73849446,,
2019/1/19,11.06975162,6.953702459,58.53434631,,
2019/1/20,10.33906927,6.879398148,62.85342172,,
2019/1/21,7.728121743,6.952160494,42.1158568,,
2019/1/22,7.37164555,6.988056897,35.21944227,,
2019/1/23,9.067345703,6.996464572,54.40876114,,
2019/1/24,10.80023205,6.81649935,83.33079893,,
2019/1/25,9.190908524,6.890899181,37.56982423,,
2019/1/26,8.436231981,6.924931876,27.31601264,,
2019/1/27,8.370846422,6.9537068,25.54075924,,
2019/1/28,8.61123812,7.001451451,26.73063633,,
2019/1/29,9.064416814,7.047870577,20.26138974,,
2019/1/30,7.043628567,7.04624776,18.09909718,,
2019/1/31,6.809907293,7.078752284,15.28679775,,
2019/2/1,7.307915692,7.102329545,15.78608268,,
2019/2/2,8.41980748,7.109837637,16.51539378,,
2019/2/3,10.43426804,7.102729885,18.99783208,,
2019/2/4,10.56327965,7.108418465,18.15517492,,
2019/2/5,12.02305536,7.10422389,15.54629523,,
2019/2/6,13.10667073,7.088638246,22.65164883,,
2019/2/7,14.44369699,7.085721174,17.21974644,,
2019/2/8,14.24868413,7.124913754,15.06721773,,
2019/2/9,11.69941526,7.165150692,12.96493045,,
2019/2/10,10.31404448,7.155173611,10.3375801,,
2019/2/11,10.34580936,7.139100502,12.06881534,,
2019/2/12,12.56555642,7.064678351,53.86995286,,
2019/2/13,11.91426883,7.043736774,26.9291377,,
2019/2/14,10.93245524,7.10325916,13.22060826,,
2019/2/15,11.71810783,7.120625,13.95941705,,
2019/2/16,13.29499581,7.105381944,22.85822173,,
2019/2/17,12.55363214,7.093263889,19.16231061,,
2019/2/18,12.48728327,7.134965278,27.23389137,,
2019/2/19,12.43623272,7.053075397,25.77032313,,
